EmployeeNumber,Age,Gender
1,41,F
2,49,M
4,37,M
5,33,F
7,27,M
8,32,M
10,59,F
11,30,M
12,38,M
13,36,M
14,35,M
15,29,F
16,31,M
18,34,M
19,28,M
20,29,F
21,32,M
22,22,M
23,53,F
24,38,M
26,24,F
27,36,M
28,34,F
30,21,M
31,34,M
32,53,F
33,32,F
35,42,M
36,44,F
38,46,F
39,33,M
40,44,M
41,30,M
42,39,M
45,24,M
46,43,F
47,50,M
49,35,F
51,36,F
52,33,F
53,35,M
54,27,F
55,26,M
56,27,M
57,30,F
58,41,F
60,34,M
61,37,M
62,46,M
63,35,M
64,48,M
65,28,M
68,44,F
70,35,M
72,26,F
73,33,F
74,35,M
75,35,F
76,31,M
77,37,M
78,32,M
79,38,F
80,50,F
81,59,F
83,36,F
84,55,F
85,36,M
86,45,M
88,35,M
90,36,M
91,59,F
94,29,M
95,31,M
96,32,M
97,36,F
98,31,F
100,35,M
101,45,M
102,37,M
103,46,M
104,30,M
105,35,M
106,55,M
107,38,F
110,34,M
112,56,M
113,23,M
116,51,M
117,30,M
118,46,M
119,40,M
120,51,M
121,30,F
124,46,M
125,32,M
126,54,F
128,24,F
129,28,M
131,58,M
132,44,M
133,37,M
134,32,M
137,20,F
138,34,F
139,37,M
140,59,F
141,50,F
142,25,M
143,25,M
144,22,F
145,51,F
147,34,M
148,54,F
150,24,M
151,34,F
152,37,M
153,34,F
154,36,F
155,36,F
158,43,M
159,30,M
160,33,M
161,56,F
162,51,M
163,31,M
164,26,F
165,58,F
167,19,M
169,22,M
170,49,F
171,43,F
174,50,F
175,31,F
176,41,M
177,26,F
178,36,M
179,51,M
182,39,F
183,25,M
184,30,M
190,32,F
192,45,M
193,38,F
194,30,F
195,32,M
197,30,F
198,30,M
199,41,M
200,41,M
201,19,F
202,40,F
204,35,M
205,53,M
206,45,M
207,32,F
208,29,M
211,51,M
214,58,F
215,40,M
216,34,F
217,22,M
218,27,M
221,28,M
223,57,M
224,27,M
226,50,F
227,41,M
228,30,F
230,38,F
231,32,M
233,27,M
235,19,F
238,36,M
239,30,M
240,45,F
241,56,F
242,33,M
243,19,M
244,46,F
245,38,F
246,31,F
247,34,F
248,41,F
249,50,M
250,53,F
252,33,F
253,40,F
254,55,M
256,34,M
258,51,F
259,52,M
260,27,F
261,35,M
262,43,M
264,45,M
267,37,M
269,35,F
270,42,F
271,38,M
273,38,M
274,27,M
275,49,M
277,34,M
281,40,M
282,38,M
283,29,F
284,22,M
286,36,F
287,40,M
288,46,M
291,32,M
292,30,M
293,27,F
296,51,M
297,30,F
298,41,F
299,30,F
300,29,M
302,45,F
303,54,F
304,36,M
305,33,F
306,37,M
307,38,M
308,31,M
309,59,M
311,37,M
312,29,F
314,35,F
315,29,M
316,52,F
319,42,M
321,59,M
323,50,F
325,33,M
327,43,F
328,33,F
329,52,M
330,32,F
331,32,M
332,39,F
333,32,M
334,41,M
335,40,M
336,45,M
337,31,M
338,33,F
339,34,M
340,37,F
341,45,M
342,37,M
343,39,F
346,29,M
347,42,F
349,29,M
350,25,F
351,42,F
352,40,M
353,51,M
355,31,M
359,32,M
361,38,M
362,32,M
363,46,F
364,28,M
366,29,M
367,31,M
369,25,M
372,45,M
373,36,M
374,55,M
376,47,M
377,28,M
378,37,M
379,21,M
380,37,F
381,35,F
382,38,F
384,26,F
385,50,M
386,53,M
387,42,M
388,29,M
389,55,M
390,26,M
391,37,F
392,44,M
393,38,M
394,26,M
395,28,F
396,49,F
397,36,M
399,31,F
401,26,M
403,37,M
404,42,F
405,18,M
406,35,M
407,36,M
408,51,M
410,41,M
411,18,F
412,28,M
416,31,M
417,39,M
419,36,F
420,32,M
421,38,F
422,58,M
423,31,M
424,31,M
425,45,M
426,31,M
428,33,F
429,39,M
430,43,F
431,49,F
433,52,M
434,27,F
436,32,F
437,27,M
438,31,M
439,32,F
440,28,M
441,30,F
442,31,F
444,39,M
445,39,F
446,33,M
447,47,M
448,43,F
449,27,M
450,54,F
451,43,F
452,45,M
453,40,M
454,29,M
455,29,M
456,30,F
458,27,F
460,37,M
461,38,M
462,31,F
463,29,F
464,35,M
465,23,M
466,41,M
467,47,M
468,42,F
469,29,M
470,42,M
471,32,F
473,48,F
474,37,M
475,30,F
476,26,M
477,42,M
478,21,F
479,36,F
481,36,M
482,57,M
483,40,F
484,21,M
485,33,F
486,37,F
487,46,F
488,41,M
491,50,M
492,40,M
493,31,M
494,21,F
495,29,M
496,35,M
497,27,M
498,28,M
499,49,M
500,51,F
501,36,F
502,34,M
505,55,F
507,24,F
508,30,M
510,26,M
511,22,F
513,36,M
514,30,M
515,37,F
516,40,F
517,42,F
518,37,M
520,43,M
521,40,F
522,54,M
523,34,F
524,31,F
525,43,M
526,43,F
527,25,F
529,37,F
530,31,M
531,39,M
532,56,F
533,30,F
534,41,M
536,28,M
538,25,M
543,52,M
544,45,M
546,52,F
547,42,F
548,30,F
549,60,F
550,46,F
551,42,F
554,24,F
555,34,F
556,38,M
558,40,F
560,26,F
562,30,M
564,29,M
565,29,F
566,19,M
567,30,F
568,57,M
569,50,M
571,30,F
573,60,F
574,47,F
575,46,M
577,35,M
578,54,F
579,34,M
580,46,F
581,31,M
582,33,M
584,33,M
585,30,M
586,35,M
587,31,M
590,34,F
591,42,M
592,36,M
593,22,M
595,48,F
597,55,F
599,41,M
600,35,M
601,40,F
602,39,F
604,31,M
605,42,M
606,45,M
608,26,F
611,29,M
612,33,F
613,31,M
614,18,M
615,40,M
616,41,F
618,26,M
620,35,F
621,34,M
622,26,M
623,37,F
624,46,F
625,41,F
626,37,M
630,52,M
631,32,M
632,24,M
634,38,F
635,37,F
638,49,M
639,24,M
641,26,M
643,24,M
644,50,M
645,25,M
647,24,F
648,30,M
649,34,M
650,31,M
652,35,M
653,31,M
655,27,F
656,37,M
657,20,F
659,42,F
661,43,M
662,38,F
663,43,M
664,48,F
665,44,F
666,34,F
667,27,M
669,21,M
671,44,M
675,22,M
677,33,M
679,32,F
680,30,F
682,53,F
683,34,M
684,45,F
686,26,F
689,37,M
690,29,F
691,35,M
692,33,M
698,54,M
699,36,M
700,27,M
701,20,M
702,33,M
704,35,M
705,23,M
707,25,M
709,38,F
710,29,M
712,48,M
714,27,F
715,37,M
716,50,M
717,34,F
720,24,F
721,39,F
722,32,M
723,50,M
724,38,F
725,27,F
727,32,F
728,47,M
729,40,M
730,53,M
731,41,M
732,60,M
733,27,M
734,41,M
738,50,M
741,28,F
742,36,F
743,38,F
744,44,M
746,47,F
747,30,M
749,29,M
752,42,M
754,43,M
757,34,F
758,23,M
760,39,F
762,56,M
763,40,F
764,27,F
766,29,M
769,53,M
771,35,F
772,32,M
773,38,M
775,34,F
776,52,M
780,33,M
781,25,F
783,45,M
784,23,M
785,47,F
786,34,M
787,55,M
789,36,M
791,52,M
792,26,F
793,29,F
796,26,M
797,34,F
799,54,F
800,27,M
802,37,F
803,38,F
804,34,F
805,35,F
806,30,M
807,40,F
808,34,F
809,42,M
811,23,M
812,24,M
813,52,F
815,50,M
816,29,F
817,33,M
819,33,F
820,47,F
823,36,F
824,29,M
825,58,M
826,35,F
827,42,F
828,28,M
829,36,M
830,32,F
832,40,M
833,30,F
834,45,F
836,42,M
837,38,M
838,34,F
840,49,F
842,55,M
843,43,M
844,27,M
845,35,M
846,28,F
847,34,M
848,26,F
850,27,M
851,51,F
852,44,M
854,25,M
855,33,M
856,35,F
857,36,M
859,32,M
861,30,M
862,53,F
864,45,M
865,32,F
867,52,F
868,37,M
869,28,M
872,22,M
874,44,M
875,42,M
878,36,M
879,25,M
880,35,F
881,35,F
882,32,M
885,25,M
887,49,F
888,24,M
889,32,M
893,38,M
894,42,F
895,31,M
896,29,F
897,53,M
899,35,M
900,37,F
901,53,F
902,43,F
903,47,F
904,37,M
905,50,M
909,39,F
910,33,M
911,32,M
912,29,F
913,44,M
916,28,M
918,58,M
920,43,F
922,20,F
923,21,F
924,36,M
925,47,F
926,22,F
927,41,F
930,28,F
932,39,M
933,27,F
934,34,M
936,42,F
939,33,M
940,58,F
941,31,M
942,35,F
944,49,F
945,48,M
947,31,F
949,36,M
950,38,F
951,32,F
952,25,M
954,40,M
956,26,M
957,41,M
958,36,M
959,19,M
960,20,M
961,31,F
964,40,M
966,32,F
967,36,M
969,33,F
970,37,M
972,45,M
974,29,F
975,35,F
976,52,M
977,58,M
981,53,M
982,30,M
983,38,F
984,35,M
985,39,M
986,40,F
987,47,M
990,36,M
991,31,M
992,33,M
994,29,F
995,33,F
996,45,F
997,50,M
998,33,F
999,41,M
1001,27,F
1002,45,M
1003,47,F
1004,30,F
1005,50,M
1006,38,M
1007,46,M
1009,24,F
1010,35,M
1011,31,F
1012,18,M
1013,54,F
1014,35,F
1015,30,F
1016,20,F
1017,30,F
1018,26,M
1019,22,M
1022,48,M
1024,48,M
1025,41,F
1026,39,F
1027,27,F
1028,35,M
1029,42,M
1030,50,M
1032,59,F
1033,37,F
1034,55,M
1035,41,F
1036,38,M
1037,26,M
1038,52,F
1039,44,F
1040,50,F
1042,36,F
1043,39,F
1044,33,F
1045,45,F
1046,32,F
1047,34,M
1048,59,M
1049,45,M
1050,53,F
1052,36,M
1053,26,M
1055,34,F
1056,28,M
1060,38,M
1061,50,M
1062,37,F
1066,40,M
1068,26,F
1069,46,M
1070,54,F
1071,56,F
1073,36,F
1074,55,M
1076,43,M
1077,20,F
1079,21,F
1080,46,F
1081,51,M
1082,28,M
1083,26,M
1084,30,M
1085,41,F
1088,38,F
1092,40,M
1094,27,M
1096,55,M
1097,28,F
1098,44,M
1099,33,M
1100,35,M
1101,33,F
1102,28,M
1103,34,M
1105,37,F
1106,25,M
1107,26,M
1108,33,M
1109,42,M
1111,28,M
1113,50,M
1114,33,F
1115,34,M
1116,48,M
1117,45,F
1118,52,M
1119,38,M
1120,29,F
1121,28,F
1124,46,M
1125,38,M
1126,43,F
1127,39,M
1128,40,M
1131,21,F
1132,39,M
1133,36,M
1135,31,M
1136,28,M
1137,35,M
1138,49,M
1140,34,M
1143,29,F
1148,42,M
1150,29,M
1152,38,M
1154,28,M
1156,18,M
1157,33,F
1158,41,M
1160,31,M
1161,37,F
1162,27,M
1163,34,F
1164,35,M
1165,29,F
1166,40,F
1167,42,M
1171,42,M
1172,35,M
1173,24,M
1175,28,F
1177,26,M
1179,30,M
1180,40,F
1182,35,M
1184,34,M
1185,35,M
1188,43,F
1190,32,F
1191,56,F
1192,29,F
1193,19,M
1195,45,F
1196,37,F
1198,20,M
1200,44,M
1201,53,F
1202,29,F
1203,22,M
1204,46,F
1206,44,M
1207,33,M
1210,41,M
1211,30,M
1212,40,M
1215,50,F
1216,28,M
1217,46,M
1218,35,M
1219,24,F
1220,33,F
1221,36,M
1224,30,M
1225,44,M
1226,20,M
1228,46,M
1231,42,M
1233,60,M
1234,32,F
1235,32,F
1237,36,F
1238,33,M
1239,40,F
1240,25,M
1241,30,M
1242,42,F
1243,35,F
1244,27,M
1245,54,F
1246,44,F
1248,19,F
1249,29,F
1250,54,M
1251,31,M
1252,31,F
1254,59,F
1255,43,M
1256,49,M
1257,36,M
1258,48,M
1259,27,M
1260,29,M
1263,48,M
1264,29,F
1265,34,F
1267,44,M
1268,33,M
1269,19,F
1270,23,M
1273,25,M
1275,26,M
1277,45,F
1278,55,M
1279,21,F
1280,46,F
1281,34,F
1282,51,M
1283,59,M
1285,34,F
1286,28,M
1288,44,M
1289,34,M
1291,35,M
1292,42,F
1293,43,F
1294,36,F
1295,44,F
1296,28,M
1297,51,F
1298,30,F
1299,29,F
1301,28,M
1303,25,F
1304,32,M
1306,45,F
1307,39,F
1308,58,M
1309,32,M
1310,39,M
1311,30,F
1312,36,F
1314,46,F
1315,28,F
1317,50,F
1318,40,M
1319,52,M
1321,30,F
1322,39,M
1324,31,F
1329,41,M
1331,31,F
1333,44,M
1334,42,M
1336,55,F
1338,56,M
1340,40,M
1344,34,M
1346,40,M
1349,41,F
1350,35,M
1352,51,M
1355,38,F
1356,34,F
1358,25,M
1360,58,F
1361,40,M
1362,36,F
1363,48,M
1364,27,F
1367,51,F
1368,18,F
1369,35,F
1371,27,M
1372,55,M
1373,56,M
1374,34,F
1375,40,F
1377,34,M
1379,31,F
1380,35,F
1382,38,M
1383,34,F
1387,28,M
1389,31,M
1390,39,M
1391,51,M
1392,41,F
1394,37,M
1395,33,M
1396,32,M
1397,39,M
1399,25,M
1401,52,F
1402,43,F
1403,27,F
1405,27,F
1407,26,M
1408,42,F
1409,52,F
1411,37,F
1412,35,M
1415,25,M
1417,26,M
1419,29,M
1420,49,M
1421,29,F
1422,54,F
1423,58,F
1424,55,M
1425,36,F
1427,31,F
1428,30,F
1430,31,F
1431,34,M
1433,31,F
1434,27,M
1435,36,M
1436,36,F
1438,47,M
1439,25,M
1440,37,M
1441,56,F
1443,47,F
1445,24,F
1446,32,M
1447,34,F
1448,41,M
1449,40,M
1453,31,M
1457,46,M
1458,39,F
1459,31,F
1460,45,M
1461,31,F
1464,31,M
1465,45,M
1466,48,M
1467,34,F
1468,40,M
1469,28,M
1471,44,M
1472,53,M
1473,49,M
1474,40,M
1475,44,M
1477,33,M
1478,34,M
1479,30,M
1480,42,F
1481,44,F
1482,30,M
1483,57,M
1484,49,M
1485,34,M
1486,28,M
1487,29,F
1489,34,F
1492,35,M
1494,24,M
1495,24,F
1496,44,M
1497,29,M
1499,30,M
1501,55,M
1502,33,F
1503,47,F
1504,28,M
1506,28,M
1507,28,M
1509,49,F
1513,29,F
1514,28,M
1515,33,M
1516,32,M
1520,54,F
1522,29,M
1523,44,M
1525,39,F
1527,46,F
1529,35,F
1533,23,M
1534,40,M
1535,34,M
1537,31,F
1539,50,M
1541,34,M
1542,42,M
1543,37,M
1544,29,F
1545,33,M
1546,45,M
1547,42,M
1548,40,M
1549,33,M
1550,40,M
1551,24,M
1552,40,M
1553,45,M
1554,35,F
1555,32,F
1556,36,M
1557,48,F
1558,29,M
1560,33,M
1562,30,M
1563,38,M
1564,35,M
1568,30,M
1569,35,F
1572,53,F
1573,38,M
1574,32,M
1576,48,F
1577,34,M
1578,55,M
1580,34,M
1581,26,F
1582,38,M
1583,38,F
1585,36,F
1586,29,M
1587,35,F
1588,39,M
1590,29,M
1591,50,M
1592,23,M
1594,36,M
1595,42,M
1596,35,M
1597,34,M
1598,40,F
1599,43,M
1601,35,M
1602,46,M
1604,28,M
1605,22,F
1606,50,M
1607,32,F
1608,44,F
1609,30,M
1611,45,F
1612,45,M
1613,31,M
1614,36,F
1615,34,M
1617,49,F
1618,39,M
1619,27,M
1621,35,M
1622,28,F
1623,21,M
1624,18,F
1625,47,F
1627,39,M
1628,40,F
1630,35,F
1631,37,M
1633,39,F
1635,45,F
1638,38,F
1639,35,M
1640,37,F
1641,40,F
1642,44,M
1644,48,M
1645,35,M
1646,24,F
1647,27,F
1648,27,M
1649,40,M
1650,29,M
1651,36,F
1653,25,M
1654,39,M
1655,49,F
1656,50,F
1657,20,F
1658,34,F
1659,36,M
1661,49,F
1662,36,F
1664,36,M
1665,54,F
1666,43,M
1667,35,M
1668,38,M
1669,29,M
1670,33,M
1671,32,M
1673,31,F
1674,49,F
1675,38,F
1676,47,F
1677,49,M
1678,41,M
1680,20,M
1681,33,F
1682,36,M
1683,44,F
1684,23,M
1687,38,F
1689,53,M
1691,48,F
1692,32,M
1693,26,M
1694,55,M
1696,34,M
1697,60,M
1698,33,M
1700,37,M
1701,34,F
1702,23,M
1703,44,F
1704,35,M
1706,43,M
1707,24,M
1708,41,M
1709,29,F
1710,36,F
1712,45,M
1714,24,M
1716,47,M
1718,26,M
1719,45,F
1720,32,M
1721,31,M
1722,41,M
1724,40,F
1725,24,M
1727,46,M
1728,35,M
1729,30,M
1731,47,M
1732,46,M
1733,36,M
1734,32,M
1735,23,F
1736,31,F
1737,39,M
1739,32,M
1740,40,M
1744,45,F
1745,30,F
1746,24,M
1747,30,F
1749,31,M
1751,27,F
1752,29,F
1753,29,M
1754,30,M
1755,34,M
1756,33,F
1757,49,F
1758,33,F
1760,38,F
1761,31,M
1762,29,F
1763,30,M
1764,32,M
1766,38,M
1767,43,M
1768,42,M
1770,55,M
1771,33,M
1772,41,M
1774,34,M
1775,53,F
1778,43,M
1779,34,F
1780,21,M
1782,38,F
1783,22,F
1784,31,F
1786,51,F
1787,37,M
1789,46,M
1790,36,M
1792,44,M
1794,37,M
1797,35,M
1798,33,M
1799,28,M
1800,39,M
1801,46,M
1802,40,F
1803,42,M
1804,35,M
1805,38,M
1807,34,M
1809,37,M
1812,39,M
1813,43,M
1814,41,M
1815,41,F
1816,30,F
1818,26,F
1821,46,F
1822,40,F
1823,34,M
1824,58,M
1826,35,M
1827,47,F
1829,40,F
1830,54,F
1833,31,F
1834,28,F
1835,38,F
1836,26,M
1837,58,M
1839,18,F
1842,31,M
1844,29,M
1845,45,F
1847,36,F
1849,43,M
1850,27,F
1852,29,M
1853,32,M
1854,42,M
1856,47,F
1857,46,M
1858,28,M
1859,29,M
1860,42,M
1862,32,M
1863,46,F
1864,27,F
1865,29,M
1866,43,F
1867,48,M
1868,29,M
1869,46,F
1870,27,F
1871,39,M
1873,55,M
1875,28,F
1876,30,M
1878,22,M
1880,36,F
1881,31,M
1882,34,M
1883,29,M
1885,37,M
1886,35,F
1888,45,F
1890,36,M
1892,40,M
1893,26,F
1898,27,F
1900,48,F
1903,44,M
1905,34,M
1907,56,M
1908,36,M
1909,41,F
1911,42,M
1912,31,F
1915,34,F
1916,31,F
1918,26,M
1922,45,M
1924,33,M
1927,28,M
1928,29,M
1929,39,F
1931,27,M
1932,34,M
1933,28,F
1934,47,M
1935,56,F
1936,39,M
1937,38,F
1938,58,F
1939,32,F
1940,38,M
1941,49,M
1943,42,M
1944,27,F
1945,35,M
1947,28,M
1948,31,M
1949,36,M
1950,34,M
1951,34,M
1952,26,M
1954,29,M
1955,32,F
1956,31,M
1960,28,M
1961,38,M
1962,35,F
1965,27,M
1966,32,M
1967,31,M
1968,53,M
1969,54,F
1970,33,M
1971,43,M
1972,38,M
1973,55,M
1974,31,F
1975,39,M
1976,42,M
1979,31,F
1980,54,F
1981,24,M
1982,23,M
1985,40,F
1986,40,F
1987,25,F
1989,30,M
1992,25,M
1993,47,M
1994,33,M
1995,38,M
1996,31,M
1997,38,M
1998,42,M
1999,41,M
2000,47,F
2003,35,M
2007,22,M
2008,35,M
2009,33,F
2010,32,F
2012,40,M
2013,32,M
2014,39,M
2015,38,F
2016,32,F
2017,37,F
2018,25,F
2019,52,M
2020,44,M
2021,21,M
2022,39,M
2023,23,M
2024,36,F
2025,36,F
2026,56,M
2027,29,M
2031,42,M
2032,56,M
2034,41,F
2035,34,F
2036,36,M
2037,41,M
2038,32,M
2040,35,F
2041,38,F
2044,50,M
2045,36,F
2046,45,F
2048,40,M
2049,35,M
2051,40,F
2052,35,F
2053,29,M
2054,29,F
2055,50,M
2056,39,F
2057,31,M
2060,26,F
2061,36,M
2062,39,M
2064,27,M
2065,49,M
2068,34,M
