eID,dID,efID,elID,jID,MonthlyIncome,DailyRate,HourlyRate,MonthlyRate,JobSatisfaction,JobInvolvement,PerformanceRating,WorkLifeBalance,YearsAtCompany,YearsInCurrentRole,YearsSinceLastPromotion,YearsWithCurrManager,NumCompaniesWorked,TrainingTimesLastYear,DistanceFromHome,Attrition,OverTime
1,1,1,1,1,5993,1102,94,19479,4,3,3,1,6,4,0,5,8,0,1,Yes,1
2,2,1,2,2,5130,279,61,24907,2,2,4,3,10,7,1,7,1,3,8,No,0
3,2,2,1,3,2090,1373,92,2396,3,2,3,3,0,0,0,0,6,3,2,Yes,1
4,2,1,3,2,2909,1392,56,23159,3,3,3,3,8,7,3,0,1,3,3,No,1
5,2,3,2,3,3468,591,40,16632,2,3,3,3,2,2,2,2,9,3,2,No,0
6,2,1,1,3,3068,1005,79,11864,4,3,3,2,7,7,3,6,0,2,2,No,0
7,2,3,4,3,2670,1324,81,9964,1,4,4,2,1,0,0,0,4,3,3,No,1
8,2,1,2,3,2693,1358,67,13335,3,3,4,3,1,0,0,0,1,2,24,No,0
9,2,1,4,4,9526,216,44,8787,3,2,4,3,9,7,1,8,0,2,23,No,0
10,2,3,4,5,5237,1299,94,16577,3,3,3,2,7,7,7,7,6,3,27,No,0
11,2,3,4,3,2426,809,84,16479,2,4,3,3,5,4,0,3,0,5,16,No,0
12,2,1,1,3,4193,153,49,12682,3,2,3,3,9,5,0,8,0,3,15,No,1
13,2,1,2,2,2911,670,31,15170,3,3,3,2,5,2,4,3,1,1,26,No,0
14,2,3,1,3,2661,1346,93,8758,4,3,3,3,2,2,1,2,0,2,19,No,0
15,2,1,4,3,2028,103,50,12947,3,2,3,3,4,2,0,3,5,4,24,Yes,1
16,2,1,3,4,9980,1389,51,10195,1,4,3,3,10,9,8,8,1,1,21,No,0
17,2,1,1,2,3298,334,80,15053,2,4,3,2,6,2,0,5,0,5,5,No,1
18,2,3,1,3,2935,1123,96,7324,4,4,3,2,1,0,0,0,1,2,16,No,1
19,1,1,3,6,15427,1219,78,22021,4,2,3,3,25,8,3,7,2,3,2,No,0
20,2,1,4,2,3944,371,45,4306,4,3,3,3,3,2,1,2,5,3,2,No,1
21,2,2,1,4,4011,673,96,8232,3,4,3,2,4,2,1,3,0,5,11,No,0
22,1,1,3,7,3407,1218,82,6986,1,2,4,3,5,3,0,3,7,4,9,Yes,0
23,2,1,3,8,11994,419,53,21293,2,3,3,3,12,6,2,11,0,4,7,No,0
24,2,1,1,2,1232,391,96,19281,4,3,3,3,0,0,0,0,1,6,15,No,0
25,2,3,2,2,2960,699,83,17102,1,3,3,3,4,2,1,3,2,2,6,Yes,0
26,2,2,4,6,19094,1282,58,10735,3,3,3,2,14,13,4,8,4,3,5,No,0
27,2,1,2,2,3919,1125,72,4681,1,1,4,3,10,2,6,7,1,5,16,Yes,1
28,1,4,3,1,6825,691,48,21173,2,3,3,3,9,7,4,2,0,2,8,No,0
29,2,3,3,5,10248,477,42,2094,4,2,3,3,22,6,5,17,3,4,7,No,0
30,1,4,3,6,18947,705,83,22822,1,3,3,2,2,2,2,1,3,2,2,No,0
31,2,3,4,3,2496,924,78,6670,4,3,3,3,1,1,0,0,4,3,2,No,0
32,2,2,3,5,6465,1459,41,19121,4,3,3,4,4,2,1,3,2,5,10,No,1
33,2,3,1,3,2206,125,83,16117,3,2,3,3,10,0,1,8,1,5,9,No,0
34,1,5,4,7,2086,895,56,3335,4,3,3,4,1,0,0,0,3,6,5,Yes,0
35,2,3,4,2,2293,813,61,3020,4,3,3,2,2,0,2,0,2,2,1,Yes,1
36,2,3,1,2,2645,1273,72,21923,3,4,3,2,5,3,1,4,1,3,2,No,0
37,1,4,1,7,2683,869,86,3810,3,2,3,3,3,2,0,2,1,2,3,Yes,1
38,1,4,4,7,2014,890,97,9687,4,3,3,3,2,2,2,2,1,3,2,No,0
39,2,1,3,2,3419,852,82,13072,1,2,3,4,1,1,0,0,9,3,5,No,1
40,1,1,4,1,5376,1141,42,3193,1,4,3,3,5,3,1,3,2,3,1,No,0
41,2,2,1,3,1951,464,75,10910,4,3,3,3,1,0,0,0,1,3,4,No,0
42,2,1,3,3,2341,1240,33,19715,1,3,3,3,1,0,0,0,1,6,2,No,0
43,2,1,4,3,2293,1357,48,10558,3,1,3,2,1,0,0,1,1,2,25,Yes,0
44,1,1,4,1,8726,994,37,2975,3,3,3,3,9,8,1,7,1,0,8,No,0
45,2,3,1,3,4011,721,58,10781,4,3,4,3,12,8,3,7,1,2,1,No,0
46,2,5,4,8,19545,1360,49,16280,3,3,3,3,22,15,15,8,1,0,12,Yes,0
47,1,4,3,1,4568,1065,72,10034,3,3,4,3,9,5,8,7,0,2,23,No,0
48,2,1,1,2,3022,408,73,10227,2,3,4,3,1,0,0,0,4,1,19,No,0
49,1,4,3,1,5772,1211,98,20445,4,3,4,3,9,6,0,8,4,4,5,No,1
50,2,1,2,3,2269,1229,36,4892,4,4,3,3,1,0,0,1,1,2,8,No,0
51,2,1,1,3,5381,626,98,19294,3,2,3,3,1,0,0,0,9,2,1,Yes,1
52,2,5,3,3,3441,1434,50,11179,3,3,3,2,2,2,2,2,1,3,5,Yes,1
53,1,4,5,1,5454,1488,75,4009,1,3,4,2,4,3,1,3,5,2,1,No,1
54,2,3,1,5,9884,1097,79,8302,1,2,3,3,4,0,2,3,2,3,11,No,1
55,1,4,4,1,4157,1443,47,21436,4,2,3,2,2,2,0,0,7,2,23,No,1
56,2,1,1,8,13458,515,98,15146,4,3,3,3,15,14,8,12,1,1,1,No,1
57,1,1,5,1,9069,853,71,11031,1,3,4,2,9,8,1,8,1,3,18,No,0
58,2,3,3,3,4014,1142,30,16002,1,3,3,3,2,2,2,2,3,3,23,No,1
59,2,1,3,3,5915,655,48,9528,4,3,4,2,7,7,1,7,3,3,7,No,0
60,2,1,3,4,5993,1115,51,2689,3,2,3,4,7,5,0,7,1,2,1,No,0
61,2,3,4,4,6162,427,33,10877,4,3,4,3,9,8,7,8,1,3,1,No,1
62,2,1,5,3,2406,653,50,5456,4,3,3,3,10,3,9,9,1,2,29,No,0
63,2,3,1,8,18740,989,43,16701,3,2,3,2,27,3,13,8,5,2,7,No,1
64,1,1,4,1,7637,1435,99,2354,1,3,3,2,21,16,7,9,7,3,25,No,0
65,2,5,4,5,10096,1223,59,8202,3,3,3,3,17,14,12,8,1,2,8,No,0
66,2,3,4,6,14756,836,33,19730,3,3,3,3,5,0,0,2,2,2,8,No,1
67,2,1,4,4,6499,1195,95,22656,2,2,3,3,6,5,0,3,1,3,11,No,0
68,2,1,4,2,9724,1339,59,18787,1,3,3,3,1,0,0,0,2,2,7,No,0
69,2,3,4,2,2194,664,79,5868,1,3,3,2,3,2,1,2,4,2,1,No,0
70,2,3,4,2,3388,318,79,21777,3,2,3,2,1,0,0,0,0,0,9,Yes,1
71,1,1,2,1,5473,1225,57,24668,3,2,3,2,4,3,1,3,7,2,1,No,0
72,2,1,4,2,2703,1328,76,4956,2,3,4,3,5,4,0,4,0,3,2,No,0
73,2,3,3,2,2501,1082,87,18775,2,3,3,3,1,1,1,0,1,4,1,No,0
74,2,1,4,2,6220,548,66,7346,2,3,3,3,10,4,0,9,1,3,1,No,0
75,2,1,4,3,3038,132,55,22002,4,4,3,3,1,0,0,0,3,3,6,No,0
76,2,1,3,4,4424,746,61,20682,4,3,4,3,11,7,1,8,1,2,8,No,0
77,1,4,3,1,4312,776,32,23016,1,2,3,3,15,13,2,8,0,2,1,No,0
78,2,2,3,8,13245,193,52,15067,1,3,3,4,0,0,0,0,4,3,6,No,1
79,2,3,3,8,13664,397,30,25258,3,3,3,4,5,2,0,2,4,3,7,No,0
80,3,3,1,9,5021,945,80,10425,2,3,4,3,4,2,0,2,8,2,5,No,1
81,2,1,2,3,5126,852,55,15998,4,2,3,2,10,8,3,0,1,1,1,No,1
82,2,3,4,2,2859,1214,30,26278,3,2,3,3,6,4,0,4,1,3,1,No,0
83,1,1,1,1,10239,111,70,18092,4,3,3,3,1,0,1,0,3,4,1,No,0
84,2,3,4,2,5329,573,79,15717,4,1,3,3,13,11,1,9,7,3,6,No,1
85,2,3,1,4,4325,1153,94,17736,2,3,3,3,5,2,1,3,1,2,1,No,0
86,2,1,4,4,7260,1400,49,21698,4,1,3,2,6,4,0,2,4,3,7,No,0
87,1,5,2,7,2322,541,62,9518,1,3,3,3,0,0,0,0,3,3,2,No,0
88,2,1,3,3,2075,432,96,18725,4,3,4,3,4,2,0,3,3,4,9,No,0
89,2,1,4,5,4152,288,99,15830,4,2,3,3,11,10,10,8,1,3,2,No,0
90,1,3,1,1,9619,669,64,13596,4,2,3,3,9,8,4,7,1,3,9,Yes,0
91,2,1,3,5,13503,530,78,14115,2,2,4,2,22,3,11,11,1,3,1,No,0
92,1,4,3,1,5441,632,71,8423,4,3,4,1,10,7,1,0,0,2,21,No,1
93,1,3,1,1,5209,1334,63,19760,2,2,3,2,11,8,2,7,1,4,4,No,1
94,2,3,4,5,10673,638,40,3142,1,2,3,2,10,9,9,5,2,5,1,No,1
95,1,3,3,1,5010,1093,87,24301,3,3,3,3,11,8,5,7,1,0,6,No,0
96,2,5,3,8,13549,1217,60,24001,3,3,3,1,4,3,0,3,9,5,2,No,0
97,1,2,1,1,4999,1353,33,17519,3,3,4,2,3,2,0,2,0,2,3,No,0
98,1,3,4,1,4221,120,43,8863,3,3,3,4,5,4,0,4,1,3,4,No,0
99,1,3,3,1,13872,682,37,24409,3,3,3,2,37,10,1,8,0,1,10,No,0
100,2,3,4,3,2042,489,67,25043,2,3,3,4,3,2,1,2,4,3,23,No,0
101,3,6,3,9,2073,807,63,23648,1,3,4,3,3,2,0,2,4,3,6,Yes,1
102,2,1,2,2,2956,827,71,15178,1,3,3,3,1,0,0,0,1,2,1,No,0
103,2,1,4,3,2926,871,66,19783,4,2,3,3,1,0,1,0,1,5,6,Yes,1
104,2,2,3,2,4809,665,41,12482,3,3,3,3,16,13,2,10,1,3,6,No,0
105,2,1,1,5,5163,1040,100,15850,4,2,3,4,1,0,0,0,5,2,2,No,0
106,3,6,3,6,18844,1420,32,21922,4,2,4,3,3,2,2,2,9,3,2,No,0
107,2,1,4,8,18172,1115,73,9755,2,3,3,2,8,3,0,7,3,1,1,No,1
108,1,4,4,1,5744,240,46,26959,3,2,3,3,6,4,0,3,1,1,5,Yes,1
109,2,3,2,2,2889,1280,64,26897,4,2,3,3,2,2,2,1,1,2,7,No,0
110,2,3,4,3,2871,534,59,23785,4,3,3,3,0,0,0,0,1,5,15,No,0
111,2,3,3,5,7484,1456,30,25796,1,2,4,2,13,12,12,8,3,1,1,No,0
112,2,1,4,3,6074,658,66,22887,3,1,4,3,9,7,0,6,1,3,7,Yes,1
113,3,6,4,6,17328,142,30,13871,4,4,3,3,5,3,4,4,2,3,26,No,1
114,2,1,2,3,2774,1127,52,13257,3,3,3,3,5,3,1,2,0,2,18,No,0
115,2,1,3,2,4505,1031,45,15000,2,2,3,3,1,0,0,0,6,3,6,No,0
116,1,1,4,1,7428,1189,87,14506,4,3,3,3,5,3,1,3,2,3,3,No,0
117,2,3,4,6,11631,1354,45,5615,1,2,3,3,11,10,5,8,2,6,5,No,0
118,1,5,1,1,9738,1467,92,22952,4,3,3,3,9,7,2,8,0,6,11,No,0
119,2,1,1,3,2835,922,39,2561,4,3,4,3,1,0,0,0,5,2,3,No,0
120,1,1,1,6,16959,394,92,19494,4,3,3,4,25,12,4,12,1,3,26,No,1
121,2,1,4,2,2613,1312,96,22310,3,1,4,2,10,7,0,9,1,2,23,No,0
122,1,4,1,1,6146,750,95,15480,2,3,3,4,7,7,0,7,0,2,22,No,0
123,2,1,3,2,4963,441,72,4510,2,3,3,3,5,4,4,3,9,2,14,Yes,1
124,2,1,4,8,19537,684,51,6462,3,3,3,3,20,18,15,15,7,5,6,No,0
125,1,1,3,1,6172,249,76,20739,3,1,3,2,7,7,7,7,4,3,6,Yes,1
126,2,2,4,2,2368,841,46,23300,2,2,3,2,5,4,4,3,1,3,6,No,0
127,2,3,3,5,10312,147,94,3465,4,3,3,2,40,10,15,6,1,3,23,Yes,0
128,1,4,2,7,1675,528,50,26820,3,3,3,2,0,0,0,0,1,2,22,Yes,1
129,2,5,2,3,2523,594,100,19299,4,3,3,3,2,1,2,1,0,2,2,No,0
130,2,3,3,4,6567,470,96,5549,1,3,3,2,15,11,5,11,1,2,20,No,0
131,2,3,4,2,4739,957,72,16090,3,4,3,3,3,2,1,2,4,2,28,No,0
132,1,4,4,1,9208,809,77,6645,4,3,3,3,2,2,2,1,4,3,12,No,0
133,1,1,4,1,4559,542,71,24788,3,1,3,3,2,2,2,2,3,2,20,Yes,1
134,1,1,2,1,8189,802,96,21196,3,3,3,3,9,7,0,7,3,2,9,No,1
135,3,1,2,9,2942,1355,61,8916,3,3,4,3,8,7,5,7,1,3,25,No,0
136,2,3,1,4,4941,216,84,2819,2,3,4,3,3,2,0,1,6,0,6,No,0
137,2,1,3,4,10650,1150,53,25150,4,1,3,3,4,2,0,3,2,2,8,Yes,0
138,1,1,3,1,5902,1329,47,14590,3,2,3,4,15,11,5,9,4,1,4,No,0
139,1,1,4,1,8639,959,41,24835,3,2,3,3,2,2,2,2,2,3,28,No,0
140,3,6,4,9,6347,1240,48,13982,4,3,3,1,11,9,4,7,0,2,9,No,1
141,2,3,4,3,4200,1033,41,10224,1,3,4,4,5,4,0,4,7,2,9,Yes,0
142,2,3,4,2,3452,1316,83,9752,4,3,3,2,6,5,0,3,5,2,29,No,0
143,2,5,5,2,4317,364,32,2302,3,3,4,3,3,2,2,2,3,2,3,No,1
144,2,1,4,2,2632,438,75,23910,3,3,3,2,5,4,0,4,1,4,18,No,0
145,1,3,1,1,4668,689,35,22812,4,1,3,4,8,7,0,7,0,2,9,No,0
146,2,5,4,2,3204,201,84,10415,1,3,3,3,3,2,2,2,5,3,5,No,0
147,2,3,2,3,2720,1427,35,11162,4,2,3,3,5,3,1,2,0,3,2,No,0
148,2,1,4,6,17181,857,91,12888,1,2,3,2,7,6,7,7,4,2,10,No,0
149,2,1,3,3,2238,933,94,6961,1,3,4,3,5,0,1,4,2,2,9,No,0
150,2,3,2,3,1483,1181,79,16102,2,3,3,3,1,0,0,0,1,3,3,No,0
151,2,3,4,2,5605,1395,54,8504,2,3,3,3,20,7,2,13,1,2,26,No,0
152,1,4,5,1,7295,662,94,11439,2,3,3,3,10,8,0,6,1,3,1,No,0
153,1,4,1,7,2306,1436,34,16047,3,3,4,1,7,7,4,5,2,3,6,No,1
154,2,1,4,3,2348,194,60,10901,2,3,3,1,17,9,0,15,8,2,9,No,0
155,1,4,4,1,8998,967,43,15589,4,3,3,3,9,8,3,7,1,2,8,No,0
156,2,5,2,4,4319,1496,41,26283,3,3,3,3,10,7,0,9,1,1,1,No,0
157,2,3,3,4,6132,1169,34,13983,3,2,3,3,1,0,0,0,2,2,7,No,0
158,2,3,4,2,3346,1145,75,11873,2,2,4,2,1,0,0,0,4,3,9,No,1
159,1,4,3,1,10855,630,67,8552,4,2,3,2,12,11,2,11,7,2,4,No,0
160,1,4,3,7,2231,303,75,11314,3,3,3,3,4,3,1,2,6,3,2,No,0
161,2,3,2,2,2323,1256,80,11992,4,3,4,3,2,2,2,2,1,6,19,No,0
162,2,3,4,2,2024,691,57,5970,2,3,3,1,2,2,2,2,6,1,9,No,0
163,2,3,4,2,2713,440,42,6672,4,3,3,1,5,2,0,2,1,2,21,No,0
164,2,1,1,5,9439,334,83,23402,4,4,3,1,5,3,1,4,3,2,24,No,1
165,2,3,4,2,2566,1450,79,25326,3,2,3,2,1,1,0,1,1,2,3,No,1
166,2,1,4,6,19926,1452,53,17053,2,3,3,3,5,4,4,4,3,5,11,No,0
167,2,1,4,2,2451,465,56,4609,3,3,3,3,9,8,1,8,4,2,14,No,0
168,1,1,4,1,9419,1339,41,8053,4,3,3,3,10,9,7,4,2,2,5,No,0
169,1,1,3,1,8686,702,59,12930,4,2,4,4,8,3,0,7,4,2,1,No,0
170,2,1,5,2,3038,120,43,12430,3,3,4,3,5,4,1,4,3,2,6,No,0
171,2,5,4,2,3058,1157,51,13364,2,3,3,2,5,2,1,1,0,3,17,No,1
172,1,5,2,7,2325,602,100,20989,1,1,4,4,0,0,0,0,0,5,1,Yes,0
173,2,3,1,3,2088,1480,30,15062,2,3,3,2,8,7,7,2,4,3,3,No,0
174,2,3,4,3,3072,111,66,11012,1,3,3,3,12,9,6,10,1,4,9,No,0
175,1,1,1,1,5006,1268,30,6319,1,3,3,4,5,4,0,3,4,3,4,No,1
176,2,1,4,2,4257,713,67,13939,1,3,3,3,2,2,2,2,4,3,8,No,1
177,2,1,4,2,2500,134,90,10515,4,3,3,4,3,1,0,2,0,2,2,No,0
178,2,1,4,3,1102,303,47,9241,4,2,4,2,1,0,1,0,1,3,2,Yes,0
179,1,4,1,1,10453,526,92,2137,1,3,4,3,24,13,15,7,1,2,1,No,0
180,2,1,1,3,2288,1380,75,6319,4,3,3,3,2,2,2,1,1,3,9,No,0
181,2,3,2,2,3929,140,95,6984,4,3,4,3,4,2,0,2,8,0,12,No,1
182,2,3,1,2,2311,629,95,5711,2,3,3,3,3,2,1,2,2,3,27,No,0
183,1,4,1,7,3140,1356,70,21728,2,3,4,2,4,3,0,2,1,5,20,Yes,1
184,2,3,4,3,3690,328,86,3425,3,2,3,2,3,2,0,2,2,2,1,No,0
185,2,3,1,4,4450,1084,57,26250,1,4,3,3,4,2,1,3,1,3,13,No,0
186,2,3,4,2,2756,931,72,4673,2,3,3,3,8,7,1,6,1,5,14,No,0
187,2,3,2,6,19033,989,46,6499,3,3,3,3,20,8,9,9,1,2,4,No,0
188,2,3,3,8,18722,692,61,13339,2,4,3,3,24,15,2,15,8,3,14,No,0
189,2,1,2,4,9547,1069,45,14074,3,2,3,2,10,9,1,9,1,2,2,No,0
190,2,3,4,5,13734,313,98,7192,2,3,3,3,7,7,1,0,3,6,3,No,0
191,2,1,3,6,19999,699,65,5678,3,2,3,3,33,18,11,9,0,5,1,No,0
192,2,3,4,2,2279,894,99,11781,2,3,3,2,7,7,0,3,1,2,9,No,0
193,2,1,1,4,5916,556,50,15497,3,2,3,3,1,0,0,1,3,1,23,Yes,1
194,2,3,4,2,2089,1344,37,5228,4,4,3,4,5,4,2,2,4,3,7,No,0
195,2,3,1,6,16792,1195,65,20462,4,2,4,3,20,8,11,8,9,1,2,No,0
196,2,1,4,2,3564,290,65,22977,1,4,3,2,8,7,1,7,1,3,21,No,1
197,2,3,4,3,4425,138,37,15986,2,3,3,3,6,2,1,2,5,5,2,No,0
198,2,3,1,4,5265,926,36,16439,3,3,3,3,5,3,0,2,2,5,21,No,0
199,2,1,3,4,6553,1261,88,7259,3,3,3,3,1,0,0,0,9,3,2,No,0
200,2,5,4,4,6261,1084,54,4185,4,3,3,1,7,7,1,7,3,3,29,No,0
201,2,5,2,4,4298,472,60,9679,1,2,3,3,2,2,2,0,5,1,1,No,0
202,2,1,3,4,6804,1002,92,23793,4,3,3,3,7,7,1,7,1,0,18,No,1
203,2,3,3,2,3815,878,43,5972,3,3,3,4,5,3,2,0,1,4,10,No,1
204,2,3,1,3,2741,905,99,16523,4,3,3,4,7,2,3,7,8,2,19,No,1
205,2,3,2,5,6673,1180,70,11354,1,3,3,3,1,0,0,0,7,2,29,Yes,1
206,1,4,4,1,7639,121,35,24525,4,3,4,2,10,4,1,9,1,3,27,Yes,0
207,2,1,4,2,2328,1136,60,12392,2,4,3,2,4,2,2,2,1,2,5,No,1
208,2,3,2,3,2153,635,73,7703,4,3,3,3,8,1,1,7,1,2,18,No,0
209,2,1,5,5,4876,1151,63,14242,4,2,3,1,3,2,0,2,9,5,9,No,0
210,2,3,3,5,9396,644,97,12368,1,3,3,3,4,2,0,3,7,3,1,No,0
211,1,3,3,1,10400,1045,32,25812,4,1,3,2,14,8,9,8,1,2,4,Yes,0
212,2,1,2,4,8474,829,88,20925,3,2,4,3,11,8,5,8,1,2,1,No,0
213,1,1,4,1,9981,1242,90,12916,3,3,3,3,7,7,0,7,1,2,20,No,0
214,2,1,3,8,12490,1469,81,15736,2,2,3,1,10,9,4,7,5,5,8,No,0
215,2,5,4,2,2657,1005,88,8556,1,3,3,3,5,2,0,4,5,5,3,Yes,1
216,1,1,4,6,13591,896,75,14674,4,3,3,3,1,0,0,0,3,3,6,No,1
217,1,4,3,1,6696,334,52,22967,1,2,3,2,6,3,0,1,5,5,26,Yes,0
218,2,5,4,2,2058,992,85,19757,3,3,3,2,6,2,1,5,0,1,1,Yes,0
219,1,3,4,1,8865,1052,57,16840,4,2,3,3,19,7,12,8,6,2,6,No,0
220,1,4,4,1,5940,1147,52,17011,1,3,3,3,6,2,0,5,2,4,3,No,0
221,2,1,1,3,5914,1396,62,9945,2,3,3,4,13,11,3,7,8,3,5,No,0
222,2,3,3,2,2622,147,47,13248,2,2,4,3,3,2,1,1,6,3,4,No,0
223,2,2,4,8,12185,663,47,10056,4,3,3,3,10,8,0,7,1,1,11,No,1
224,1,1,4,1,10609,119,76,9647,3,3,3,2,16,10,5,13,0,6,3,No,0
225,2,3,3,4,4345,979,90,4381,3,1,3,3,5,4,1,4,0,2,1,No,0
226,2,1,4,2,2177,142,70,8456,4,2,3,3,1,0,0,0,3,6,3,No,0
227,1,4,3,7,2793,319,41,2539,4,3,3,3,9,8,5,8,4,2,4,No,0
228,1,3,2,1,7918,1413,42,6599,4,3,3,3,11,10,4,1,1,5,1,No,0
229,1,4,4,1,8789,944,92,9096,3,3,3,4,10,7,0,8,1,3,1,No,0
230,2,3,2,2,2389,896,86,14961,4,2,3,2,4,3,0,1,1,3,18,Yes,1
231,2,1,4,3,3212,1323,89,3300,4,2,3,2,2,2,2,2,7,3,2,No,0
232,2,5,1,6,19232,532,58,4933,4,3,3,3,22,17,11,15,1,3,4,No,0
233,3,3,1,9,2267,818,52,25657,3,3,3,2,2,2,2,2,8,2,6,No,0
234,1,3,3,6,19517,854,68,24118,4,3,3,2,7,0,0,6,3,3,1,No,0
235,2,3,4,3,2436,813,58,22149,4,3,3,1,5,4,0,4,5,2,14,Yes,1
236,1,4,4,6,16064,1034,80,7744,4,3,4,3,17,13,1,9,5,3,16,No,1
237,2,1,1,3,2707,465,39,21509,1,3,4,4,9,7,1,7,7,3,2,Yes,0
238,1,1,3,6,19068,771,79,21030,3,2,3,4,33,7,15,12,1,2,2,No,1
239,1,1,1,7,3931,1401,56,20990,2,3,3,3,4,3,1,2,2,5,4,No,0
240,2,1,4,3,3730,515,62,9571,3,2,3,1,3,2,1,2,0,2,1,Yes,1
241,2,3,3,3,2232,1431,96,15417,3,3,3,3,3,2,1,2,7,1,1,No,0
242,1,4,3,1,4465,976,100,12069,4,3,3,3,3,2,2,2,0,2,26,No,0
243,2,1,1,2,3072,1411,36,19877,1,3,3,2,1,0,0,0,2,2,19,No,0
244,2,5,1,2,3319,1300,62,24447,4,3,3,3,9,8,4,7,1,3,24,No,0
245,2,2,4,6,19202,252,70,15970,4,4,3,3,24,0,1,7,0,2,1,No,0
246,2,3,3,8,13675,1327,73,13523,3,3,3,3,2,2,2,2,9,3,3,No,0
247,2,1,3,2,2911,832,63,14776,4,2,3,2,2,2,0,2,1,2,5,No,0
248,2,1,3,4,5957,470,84,23687,1,2,3,3,11,9,5,9,6,3,2,No,0
249,2,3,1,2,3920,1017,83,18697,1,2,3,2,3,1,0,2,2,2,1,No,0
250,2,1,3,4,6434,1199,77,5118,3,4,3,3,3,2,0,2,4,1,7,No,0
251,2,3,4,4,10048,504,61,22573,3,3,3,3,1,0,0,0,6,5,10,Yes,0
252,2,5,3,5,10938,505,64,6420,3,3,4,3,19,6,11,8,0,1,2,No,0
253,2,1,4,2,2340,665,60,22673,4,3,3,3,6,5,1,5,1,1,15,No,0
254,2,1,1,2,6545,916,82,23016,1,4,3,3,3,2,0,2,3,1,17,No,1
255,1,4,1,1,6931,1247,45,10732,4,3,3,3,3,2,0,2,2,2,20,No,0
256,2,1,4,4,4898,685,62,7505,3,3,3,3,4,2,1,2,0,3,1,No,0
257,2,3,4,3,2593,269,56,8007,1,2,3,3,9,6,7,8,0,4,2,No,1
258,2,3,1,8,19436,1416,49,5949,3,3,3,3,21,7,3,9,0,5,2,No,0
259,2,1,4,2,2723,833,96,23231,4,3,3,2,1,0,0,0,1,0,1,No,0
260,2,3,1,3,3479,307,71,11652,2,2,3,4,5,4,1,4,0,2,29,Yes,0
261,2,1,4,3,2794,1311,100,26062,2,4,4,1,5,1,0,3,1,3,7,No,0
262,1,1,1,1,5249,1327,39,19682,4,2,3,3,8,7,7,5,3,0,2,No,0
263,2,5,2,3,2176,128,84,19737,1,2,3,3,6,2,0,4,4,5,2,No,0
264,1,5,4,6,16872,488,75,14977,2,1,3,2,7,7,7,7,3,2,2,No,1
265,2,1,3,3,3485,529,79,14935,3,3,3,1,0,0,0,0,2,5,2,Yes,0
266,1,3,4,1,6644,1210,78,3687,2,2,3,3,0,0,0,0,2,2,2,No,0
267,2,3,4,5,5582,1463,64,14408,4,2,4,3,9,0,7,8,0,2,23,No,0
268,2,1,1,5,4000,675,85,18384,1,4,3,3,6,3,1,5,1,2,5,No,0
269,2,3,1,5,13496,1385,79,7501,4,3,3,3,20,7,4,10,0,2,20,No,1
270,2,1,4,3,3210,1403,47,20251,4,3,3,3,15,13,10,11,0,4,6,No,0
271,2,3,4,6,19045,452,81,18938,1,3,3,3,36,10,4,13,0,2,1,No,1
272,2,1,3,6,11849,666,88,10268,2,3,3,2,10,7,9,9,1,2,29,Yes,1
273,2,3,4,2,2070,1158,94,2613,4,3,4,2,5,2,0,4,1,3,9,No,0
274,1,3,3,1,6502,228,98,22825,4,3,3,4,5,4,0,1,4,5,6,No,0
275,2,3,1,2,3230,996,100,10531,3,2,3,4,3,2,1,0,1,4,3,No,0
276,2,3,3,8,13603,728,80,11677,4,3,3,3,5,2,0,2,2,2,1,No,1
277,2,1,4,6,11996,1315,71,19100,2,4,3,2,7,7,6,2,7,6,22,No,0
278,1,3,1,1,5605,322,44,19191,1,4,4,3,8,0,7,7,1,3,7,No,1
279,2,1,4,4,6397,1479,84,26767,2,3,4,1,6,5,1,4,1,6,1,No,0
280,2,1,2,8,19144,797,96,15815,2,3,3,2,10,4,1,6,3,4,4,No,0
281,2,3,3,8,17584,1070,45,21016,3,3,3,2,5,3,1,3,3,5,3,No,1
282,1,1,2,1,4907,635,99,24532,3,3,4,3,20,16,11,6,1,3,1,No,0
283,1,1,1,1,4554,442,44,20260,4,3,3,2,10,7,0,9,1,3,2,No,0
284,2,5,1,3,5415,147,37,15972,4,3,3,3,10,7,0,8,3,4,20,No,1
285,2,3,1,5,4741,496,60,22722,1,3,3,3,5,3,3,3,1,3,11,No,1
286,2,1,4,2,2115,1372,42,15881,4,3,3,3,17,12,5,7,1,3,1,No,0
287,2,1,4,3,3161,920,43,19920,3,3,4,1,1,0,0,0,3,0,24,Yes,1
288,2,1,3,5,5745,688,82,18899,4,3,3,3,2,2,1,2,9,2,23,No,0
289,2,3,3,3,2373,1449,45,14180,2,3,3,3,3,2,0,2,2,2,16,Yes,1
290,2,1,1,2,3310,1117,66,4488,4,3,4,3,5,3,0,2,1,3,8,No,0
291,2,1,3,8,18665,636,35,25594,1,3,3,3,3,2,1,2,9,4,10,No,1
292,2,5,4,2,4485,506,30,26285,2,3,3,3,8,0,7,7,4,2,3,No,0
293,1,4,4,7,2789,444,84,3909,2,3,3,2,2,2,2,2,1,5,5,No,0
294,1,4,3,1,5828,950,48,8450,4,2,3,3,8,7,7,4,1,0,4,Yes,1
295,2,3,4,2,2326,889,53,11411,4,3,3,2,4,2,1,2,1,3,9,No,1
296,1,4,4,1,13525,555,77,14864,2,3,3,4,20,4,4,8,5,2,26,No,0
297,2,1,4,3,1420,230,54,25233,3,3,3,3,0,0,0,0,1,2,3,Yes,0
298,1,4,4,1,8020,1232,96,5100,2,3,3,2,11,9,6,9,0,3,16,No,0
299,2,1,3,3,3688,566,81,7122,4,4,3,3,1,0,0,0,4,2,18,No,0
300,2,3,4,4,5482,1302,84,16321,2,1,3,3,4,1,1,2,5,3,2,No,0
301,1,1,3,6,16015,334,88,15896,2,3,3,3,22,10,0,4,1,2,2,No,0
302,1,3,4,7,1200,812,69,9724,3,2,3,3,0,0,0,0,1,2,10,No,0
303,2,3,1,5,5661,1476,68,4824,1,4,3,3,8,3,0,7,0,2,16,No,0
304,1,5,4,1,6929,218,100,12241,4,4,3,2,8,7,7,7,4,3,7,No,0
305,2,3,4,5,9613,1132,48,10942,4,4,3,2,18,10,3,7,0,5,1,No,0
306,2,1,3,3,5674,1105,47,6927,2,3,3,3,9,8,0,8,7,3,24,No,0
307,1,1,4,1,5484,906,91,16985,3,2,3,2,13,8,4,8,1,3,7,No,0
308,2,1,1,8,12061,849,81,26707,2,2,3,3,10,8,0,1,3,2,25,No,0
309,2,1,3,5,5660,390,32,17056,3,1,3,3,5,3,1,2,2,2,1,No,1
310,2,5,3,2,4821,691,86,10077,4,3,3,3,5,2,0,3,0,4,5,No,1
311,3,6,4,9,6410,106,62,17822,1,2,3,3,2,2,1,0,3,1,2,No,0
312,2,1,4,3,5210,1249,97,20308,1,3,3,3,24,9,9,11,1,2,7,No,0
313,2,1,3,2,2695,192,32,7747,4,3,3,1,2,2,2,2,0,2,2,No,1
314,2,1,3,6,11878,553,74,23364,2,3,3,3,10,6,8,8,6,2,5,No,0
315,2,3,2,6,17068,117,99,5355,1,3,3,3,21,9,11,10,1,3,10,No,1
316,2,1,3,3,2455,185,33,10675,4,3,3,3,8,7,1,7,0,5,10,No,0
317,2,5,1,5,13964,1091,90,17810,3,2,3,3,7,1,0,7,7,2,1,No,1
318,2,3,3,2,4941,723,85,17747,2,2,3,2,8,2,7,7,2,3,8,Yes,0
319,2,1,4,2,2478,1220,85,20938,2,3,3,2,4,3,1,2,1,2,5,No,1
320,1,5,1,1,5228,588,65,24624,2,2,3,3,13,12,11,9,1,2,8,No,1
321,1,1,4,1,4478,1377,74,5242,3,3,3,3,5,4,0,4,1,3,2,No,1
322,1,4,4,1,7547,691,73,7143,4,3,3,3,7,7,1,7,4,3,7,No,0
323,2,3,3,2,5055,1018,74,10557,4,4,3,2,7,7,0,7,7,0,2,No,0
324,2,3,3,2,3464,1157,84,24737,4,1,3,2,3,2,2,2,5,4,2,Yes,1
325,2,3,1,2,5775,1275,64,11934,4,3,3,3,10,8,1,9,1,2,28,No,0
326,2,1,1,4,8943,798,48,14034,3,2,4,3,10,9,8,9,1,2,7,No,0
327,2,3,1,6,19272,672,54,21141,4,2,3,3,21,9,13,3,1,2,7,No,0
328,1,3,1,1,5238,1162,41,17778,3,3,3,2,1,0,0,0,4,3,3,Yes,1
329,1,4,4,1,4682,508,46,4317,4,2,3,2,7,7,0,1,3,6,10,No,0
330,2,1,5,8,18300,1482,42,16375,3,3,3,3,3,2,1,1,4,2,5,No,0
331,2,1,3,3,5257,559,82,6227,3,2,3,4,9,7,0,0,1,3,10,No,0
332,1,4,2,1,6349,210,73,22107,2,3,3,3,5,4,1,4,0,0,1,No,1
333,2,1,3,2,4869,928,31,16885,3,3,3,2,4,3,0,3,3,4,20,No,0
334,2,1,4,5,9985,1001,43,9262,1,3,3,2,1,0,0,0,8,1,7,No,0
335,2,2,3,2,3697,549,75,9278,4,3,3,3,10,9,9,8,9,3,8,No,0
336,1,3,1,1,7457,1124,57,13273,4,1,4,2,4,3,0,2,2,2,1,No,1
337,2,2,3,3,2119,318,77,4759,1,1,3,2,7,7,0,7,1,4,8,Yes,1
338,2,2,5,3,3983,738,30,7621,4,2,3,3,3,2,2,2,0,2,9,No,0
339,1,4,4,1,6118,570,30,5431,3,2,3,3,10,9,1,2,1,2,5,No,0
340,1,4,3,1,6214,1130,56,3415,2,3,3,3,8,7,0,7,1,3,8,No,0
341,2,3,1,4,6347,1192,61,23177,4,3,3,2,6,2,0,4,7,2,5,No,0
342,2,1,1,8,11510,343,92,15682,4,2,3,3,11,10,2,9,0,3,15,No,1
343,2,3,3,4,7143,1232,39,25713,4,3,3,2,11,9,4,10,1,2,7,No,1
344,1,4,2,1,8268,144,39,11866,2,2,3,3,7,7,1,7,1,2,10,No,1
345,2,5,3,4,8095,1296,62,18264,2,3,3,3,16,6,0,13,0,5,5,No,0
346,2,1,2,2,2904,1309,83,16092,4,3,3,2,4,2,0,2,1,2,26,No,0
347,2,3,4,4,6032,483,95,10110,2,2,3,3,5,4,1,2,6,3,6,No,1
348,1,3,2,7,2976,1309,99,25751,3,3,3,3,0,0,0,0,3,3,4,No,0
349,2,1,5,8,15992,810,44,15901,4,3,3,3,1,0,0,0,2,2,23,No,0
350,1,1,4,1,4649,746,61,16928,3,3,3,2,4,3,0,2,1,3,2,No,0
351,3,5,2,9,2696,544,52,24017,3,3,3,3,3,2,1,0,0,5,2,No,1
352,2,3,4,3,2370,1062,75,3956,2,3,3,3,8,0,0,7,1,4,2,No,0
353,1,3,2,6,12504,530,91,23978,3,3,4,1,0,0,0,0,3,3,29,No,0
354,2,3,4,2,5974,1319,51,17001,1,4,3,3,7,7,6,7,4,2,6,No,1
355,1,5,1,1,4736,641,85,6069,3,3,3,4,2,2,2,2,7,2,25,No,1
356,1,1,4,1,5296,933,57,20156,3,3,3,3,8,7,7,7,1,3,1,No,0
357,2,2,3,5,6781,1332,98,17078,4,2,4,3,1,0,0,0,3,6,2,No,0
358,1,5,2,7,2174,756,99,9150,2,2,3,3,3,2,1,2,1,3,1,Yes,1
359,1,3,5,1,6653,845,45,15276,4,3,3,3,1,0,0,0,4,6,1,No,0
360,1,3,3,1,9699,541,48,7246,4,2,3,3,13,9,1,12,4,2,3,No,0
361,2,3,3,5,6755,593,88,2967,3,3,3,3,3,2,1,2,2,2,1,No,0
362,2,1,3,3,2213,1171,46,22495,3,4,3,3,7,7,1,7,3,3,10,No,1
363,1,3,1,7,2610,895,39,2851,4,3,4,2,3,2,2,2,1,3,9,No,0
364,1,4,4,7,2851,350,34,9150,3,3,3,3,1,0,0,0,1,2,5,Yes,1
365,2,3,4,3,3452,921,98,17663,1,3,4,3,5,4,0,3,6,3,10,No,0
366,2,3,3,4,5258,1144,30,16044,3,3,3,4,1,0,0,0,2,2,7,No,0
367,1,4,4,1,9355,143,56,9558,2,3,3,3,8,7,7,7,1,5,4,Yes,0
368,2,5,4,5,10496,1046,100,2755,4,2,3,3,4,3,1,3,6,2,10,No,0
369,1,4,1,1,6380,575,68,6110,3,2,3,3,6,4,1,0,2,6,22,Yes,1
370,2,1,3,2,2657,408,42,7551,2,2,3,3,2,2,2,2,0,5,9,No,1
371,1,1,4,7,2716,156,90,25422,2,4,3,3,1,0,0,0,1,0,12,Yes,0
372,2,1,4,2,2201,1283,54,18168,4,3,3,3,3,2,1,2,9,4,23,No,0
373,2,1,3,5,6540,755,97,19394,2,2,3,3,1,1,0,0,9,5,9,No,0
374,2,3,1,3,3816,1469,82,17881,2,3,3,3,5,2,0,4,1,2,1,No,0
375,1,1,3,1,5253,304,92,20750,4,3,3,3,7,5,0,7,1,1,9,No,0
376,2,2,4,5,10965,1261,31,12066,3,2,4,3,5,2,0,0,8,2,7,No,0
377,1,1,1,1,4936,1178,87,14862,4,3,3,2,7,7,0,7,4,2,14,No,0
378,2,1,4,2,2543,329,96,11868,3,3,3,3,2,2,2,2,4,3,2,No,0
379,1,4,4,1,5304,1362,67,4652,4,4,3,2,5,2,0,4,8,3,19,Yes,1
380,2,1,4,6,16659,1311,97,23258,4,3,3,3,5,4,1,2,2,2,2,No,1
381,1,4,3,1,4260,1371,77,5915,3,3,3,4,5,2,0,3,1,2,10,No,1
382,1,5,2,7,2476,202,72,17434,2,3,3,3,1,0,0,0,1,3,2,No,0
383,2,5,2,2,3102,575,73,6582,1,3,4,3,6,4,0,4,0,2,3,Yes,0
384,2,3,4,2,2244,253,43,24440,2,3,3,3,2,1,1,2,1,1,11,No,0
385,1,3,1,1,7596,164,61,3809,3,2,3,3,10,9,9,0,1,2,2,No,0
386,2,5,4,2,2285,464,40,3427,4,3,4,3,1,0,0,0,9,4,4,Yes,1
387,2,1,4,3,3034,1107,95,26914,1,3,3,2,18,7,12,17,1,2,14,No,0
388,1,4,1,1,5715,759,46,22553,2,3,3,3,5,4,1,3,7,5,2,No,0
389,2,1,3,3,2576,201,95,20490,1,3,3,3,5,2,1,2,3,5,1,No,0
390,2,1,3,4,4197,1305,49,21123,2,3,3,2,1,0,0,1,2,2,10,No,1
391,2,1,4,8,14336,982,59,4345,2,2,3,3,25,10,3,9,1,3,12,No,0
392,2,3,4,3,3448,555,78,13436,3,2,4,3,1,0,0,0,6,3,2,No,0
393,2,3,1,8,19406,821,86,8509,1,3,3,2,4,2,1,2,4,4,5,No,0
394,1,4,3,1,6538,1381,72,12740,3,3,3,3,3,2,1,2,9,3,4,No,0
395,2,3,1,4,4306,480,31,4156,1,3,3,1,13,10,3,12,1,5,7,No,0
396,2,3,4,3,2258,313,61,15238,4,3,4,3,3,2,1,2,7,1,21,No,0
397,2,2,3,5,4522,1473,74,2227,3,3,3,3,5,2,0,2,4,3,8,No,1
398,1,1,1,1,4487,891,99,12090,4,2,3,3,5,4,1,3,1,3,4,No,1
399,2,3,5,2,4449,1063,72,23866,3,3,3,3,13,11,10,7,3,2,25,No,1
400,2,1,1,3,2218,329,98,16193,1,2,3,3,4,2,3,2,1,3,1,No,0
401,2,1,2,6,19197,1218,52,8213,3,3,3,3,21,8,1,6,1,3,1,No,1
402,1,1,4,1,13212,906,86,18256,1,4,3,2,7,7,7,7,9,0,6,No,0
403,1,5,4,1,6577,1082,83,19558,3,3,3,3,5,4,4,4,0,6,12,No,0
404,1,4,4,1,8392,645,49,19566,1,4,3,3,10,7,0,7,1,2,1,No,0
405,2,3,1,3,4558,1300,79,13535,1,3,3,3,10,0,1,8,1,2,17,No,0
406,2,3,4,3,4031,688,91,9396,1,3,3,3,2,2,0,2,5,5,3,Yes,0
407,2,3,4,4,7969,319,39,19609,3,2,3,3,5,4,0,4,2,4,3,No,1
408,2,1,1,2,2654,192,69,9655,4,3,4,2,2,2,0,2,3,3,10,No,0
409,2,1,1,6,16555,1490,30,10310,4,3,3,1,5,2,1,4,2,2,4,No,0
410,2,1,1,2,4556,532,92,12932,3,3,3,3,5,4,0,2,2,3,29,No,0
411,2,1,4,4,6091,317,43,24793,4,1,4,3,5,4,0,2,2,2,2,No,0
412,2,1,4,6,19566,422,41,3854,1,3,3,1,29,8,11,10,5,5,7,No,0
413,2,3,4,4,4810,1485,87,26314,3,3,3,2,10,7,0,8,2,5,18,No,0
414,2,5,3,5,4523,1368,88,4386,4,2,3,4,6,5,0,4,0,4,28,No,0
415,1,5,2,7,3202,1448,62,21972,2,3,3,3,5,3,1,4,1,4,1,Yes,1
416,1,4,1,7,2351,296,33,12253,3,1,3,2,2,2,1,0,0,3,6,Yes,0
417,2,1,1,3,1702,1490,42,12106,4,3,4,3,1,0,0,0,1,3,2,No,1
418,1,1,3,6,18041,1398,79,13022,3,3,3,3,20,15,1,12,0,2,2,No,0
419,2,1,4,2,2886,1349,90,3032,4,3,4,1,3,2,0,2,1,3,23,No,0
420,2,1,4,3,2097,1400,53,16734,4,3,3,1,5,3,1,4,4,3,3,No,0
421,2,3,3,8,11935,986,93,21526,3,2,3,3,10,2,0,7,1,2,3,No,0
422,2,5,5,2,2546,408,71,18300,2,2,3,4,2,2,1,1,5,2,25,Yes,0
423,3,5,1,9,2564,489,52,18437,4,2,3,4,1,0,0,0,1,3,2,Yes,0
424,1,2,3,1,8412,1398,69,2890,1,3,3,3,9,8,7,8,0,3,22,No,0
425,1,4,4,6,14118,210,56,22102,4,2,3,2,1,0,0,0,3,3,29,No,0
426,2,1,3,6,17046,1099,88,9314,3,2,3,3,27,10,15,7,0,2,29,No,0
427,2,3,4,3,2564,1116,49,7181,4,3,3,2,11,7,6,7,0,2,2,No,0
428,1,4,4,1,10266,1499,80,2845,1,2,3,4,18,13,13,11,4,5,28,No,0
429,2,3,1,4,5070,983,65,7389,4,3,3,3,5,0,0,4,5,2,2,No,0
430,2,1,4,8,17861,1009,51,2288,3,3,3,1,3,2,0,1,6,2,2,No,0
431,2,1,4,3,4230,144,46,19225,3,1,3,3,5,4,4,3,0,2,22,No,0
432,2,1,3,3,3780,548,42,23428,3,3,3,3,1,0,0,0,7,3,8,No,0
433,2,1,3,2,2768,1303,62,8416,3,2,3,3,7,3,5,7,3,3,2,No,0
434,1,4,4,1,9071,1125,94,11563,4,2,3,3,3,2,1,2,2,3,10,No,1
435,2,1,2,4,10648,1274,33,14394,2,3,4,4,13,8,0,8,1,6,9,No,0
436,2,3,2,6,13610,1277,56,24619,3,3,3,4,7,6,7,7,7,2,15,Yes,1
437,2,3,2,3,3408,587,38,6705,4,1,3,3,4,3,1,3,7,2,10,Yes,0
438,1,4,2,7,2983,413,57,18398,2,3,3,3,3,2,1,2,0,3,7,No,0
439,2,1,4,5,7632,1276,72,14295,3,3,3,3,8,7,0,0,4,2,16,No,1
440,2,1,4,5,9824,534,66,22908,3,3,3,3,1,0,0,0,3,2,20,Yes,0
441,3,6,4,9,9950,988,43,11533,1,3,3,3,3,2,0,2,9,2,23,Yes,1
442,2,2,1,3,2093,1474,97,9260,3,3,3,3,2,2,2,0,4,4,5,No,0
443,1,3,3,1,9980,635,32,15318,4,3,3,2,10,3,9,7,1,3,10,No,0
444,2,5,2,3,3894,1368,99,9129,3,2,3,3,2,2,1,2,5,3,4,Yes,0
445,1,4,5,1,4051,163,37,19658,4,3,3,3,9,7,6,7,2,2,2,No,0
446,1,1,5,6,16835,1117,83,9873,2,3,4,3,10,9,7,7,3,2,18,No,0
447,1,1,1,1,6230,267,56,13430,4,3,3,3,14,3,1,10,7,3,10,No,0
448,1,4,4,1,4717,619,85,18659,3,3,3,3,11,9,6,9,9,2,1,No,0
449,2,1,4,4,13237,302,75,20364,3,3,3,3,20,6,5,13,7,3,6,No,0
450,2,1,2,3,3755,443,48,17872,3,3,3,3,8,3,0,7,1,3,8,No,0
451,1,1,2,1,6582,828,77,8346,4,3,3,4,6,5,0,5,4,2,2,No,1
452,2,3,4,4,7406,319,56,6950,1,3,4,2,10,9,5,8,1,5,24,No,1
453,1,2,4,1,4805,561,61,16177,2,3,3,4,8,7,3,7,0,3,2,No,0
454,3,1,3,9,2741,426,58,22808,3,3,3,2,7,7,1,0,0,2,17,Yes,1
455,2,5,4,4,4262,232,34,22645,4,3,3,4,3,2,1,2,4,2,19,No,0
456,2,3,5,8,16184,922,95,22578,3,4,3,3,6,1,0,5,4,2,1,No,0
457,1,1,4,6,11557,688,44,25291,4,2,4,2,5,4,0,1,9,3,7,No,0
458,1,4,4,7,1878,1306,69,8059,2,3,3,3,0,0,0,0,1,3,5,Yes,1
459,1,2,4,1,10932,1094,58,11373,1,1,3,3,1,0,0,1,3,2,28,No,0
460,2,2,3,5,6811,509,62,2112,3,2,3,3,8,7,0,7,2,3,2,No,1
461,1,3,1,1,4306,775,45,4267,3,3,3,3,0,0,0,0,5,5,29,No,0
462,1,3,4,1,4859,195,80,6698,3,3,3,3,5,4,0,3,1,3,1,No,0
463,1,1,3,1,5337,258,74,19921,4,4,3,3,10,7,5,7,1,3,21,No,0
464,2,5,4,3,2340,471,66,23213,4,1,3,1,1,0,0,0,1,3,24,Yes,1
465,2,5,4,4,7491,799,59,23848,4,3,3,4,6,5,1,2,4,3,1,No,0
466,2,3,2,5,10527,1034,86,8984,3,3,3,2,2,2,1,2,5,3,18,No,0
467,1,1,5,6,16595,1276,91,5626,1,3,3,3,18,16,11,8,7,2,2,No,0
468,1,3,3,1,8834,142,69,24666,2,3,3,3,9,5,7,7,1,6,9,No,0
469,2,5,1,2,5577,956,78,22087,1,3,3,3,10,9,6,9,3,3,6,No,1
470,1,2,3,1,4707,1474,60,23914,3,4,3,3,4,2,1,2,8,2,11,Yes,0
471,1,3,4,7,2400,535,38,5530,4,3,3,3,2,2,2,1,0,3,24,No,0
472,2,3,4,5,9824,1495,76,22174,3,3,3,3,1,0,0,0,3,4,10,No,0
473,2,1,3,4,6447,446,65,15701,2,3,3,2,6,5,4,3,6,2,1,No,0
474,2,1,3,8,19502,1245,58,2125,3,2,3,3,31,9,0,9,1,5,18,No,1
475,2,3,4,2,2725,691,89,21630,4,4,3,3,6,5,1,4,1,3,23,No,1
476,1,4,1,1,6272,703,66,7428,2,3,4,4,5,3,1,4,1,5,28,No,0
477,2,2,1,3,2127,823,94,9100,2,2,4,3,1,0,0,0,1,2,17,No,0
478,3,3,4,6,18200,1246,99,7999,2,3,3,3,32,5,10,7,1,2,3,No,0
479,1,3,2,7,2096,622,40,26376,3,3,3,3,7,4,0,6,1,1,13,No,0
480,2,1,4,3,2886,1287,55,14168,3,3,3,3,6,3,1,2,1,4,7,Yes,1
481,1,1,3,7,2033,448,74,14470,1,2,3,4,1,0,0,0,1,2,12,Yes,0
482,2,1,1,2,3622,254,83,22794,4,2,3,3,6,5,1,3,1,3,1,No,1
483,1,3,3,1,4233,1365,46,11512,1,3,3,1,3,1,1,2,2,2,13,Yes,0
484,2,2,1,3,3681,538,54,14004,4,2,3,3,3,2,0,2,4,3,25,No,0
485,1,3,3,1,5460,525,66,6219,4,4,4,4,7,7,5,7,4,4,6,No,0
486,2,3,3,2,2187,798,66,5013,3,2,3,2,5,3,0,3,0,5,6,No,0
487,1,4,4,1,9602,558,75,3010,3,3,3,2,3,0,1,0,4,3,2,No,1
488,2,1,4,2,2836,959,83,11757,2,2,3,4,1,0,0,0,1,0,1,No,0
489,2,1,3,5,4089,622,81,5718,4,3,3,3,10,2,2,2,1,4,2,No,0
490,2,2,3,8,16627,782,50,2671,4,2,3,2,1,0,0,0,4,3,6,No,1
491,2,1,2,2,2619,362,43,14561,1,3,3,2,0,0,0,0,3,3,1,No,0
492,2,3,5,3,5679,1001,72,19627,3,3,3,3,8,7,4,7,3,3,9,No,1
493,2,1,3,6,15402,1236,40,17997,1,2,3,1,3,2,0,2,7,3,1,No,0
494,3,1,3,9,5985,1112,50,26894,3,2,3,4,2,2,0,2,4,1,1,No,0
495,1,5,4,7,2579,204,31,2912,3,3,3,3,8,2,0,6,1,3,14,No,1
496,1,4,2,7,3041,1420,85,16346,1,3,3,3,4,3,0,2,0,3,2,Yes,0
497,1,5,2,7,3447,1343,49,24444,3,3,3,3,3,2,1,2,1,2,22,No,0
498,2,2,3,6,19513,1315,35,9358,4,3,3,4,2,2,0,1,4,2,3,No,1
499,2,3,2,2,2773,604,69,12145,3,3,4,3,2,2,2,2,0,3,6,No,0
500,1,4,3,1,7104,1216,39,20431,3,3,3,3,5,0,1,2,0,3,8,No,0
501,2,1,3,2,6322,646,92,18089,4,3,3,2,6,4,0,5,1,2,9,No,1
502,2,3,4,2,2083,160,71,22653,3,3,4,3,1,0,0,0,1,2,3,No,0
503,1,3,2,1,8381,238,34,7507,1,3,4,4,14,7,8,10,7,2,1,No,0
504,2,1,5,2,2691,1397,42,7660,4,3,3,2,10,9,8,8,1,4,1,No,0
505,1,1,3,1,4286,306,100,5630,1,3,3,3,1,1,0,0,2,4,26,Yes,0
506,2,1,4,3,2659,991,71,17759,4,3,3,3,3,2,0,2,1,2,6,No,1
507,2,2,4,4,9434,482,36,9606,3,3,3,3,10,7,7,8,1,2,3,No,0
508,1,3,1,1,5561,1176,62,3487,3,3,3,2,6,0,1,2,1,5,3,No,0
509,2,1,3,2,6646,1017,82,19368,4,1,3,3,17,11,11,8,1,3,6,No,0
510,2,1,4,5,7725,1296,30,5335,4,3,4,1,13,11,4,7,3,2,6,No,0
511,3,3,3,9,10725,397,88,6729,2,3,3,4,9,7,7,1,2,1,19,No,0
512,2,3,1,4,8847,913,48,13934,2,2,3,3,3,2,0,2,2,2,9,No,1
513,2,3,3,2,2045,1115,54,15174,4,2,3,3,4,2,1,1,0,0,3,No,0
514,2,3,2,2,1009,1362,32,26999,3,3,3,3,1,0,1,1,1,5,10,Yes,1
515,2,1,4,2,3348,1076,70,3164,1,3,3,3,10,8,9,7,1,3,3,Yes,1
516,2,1,4,3,1281,727,41,16900,3,2,3,3,1,0,0,0,1,3,3,No,0
517,2,3,4,2,2819,885,58,8544,1,4,3,4,3,2,0,2,2,3,4,No,0
518,1,1,4,1,4851,810,57,15678,2,4,4,3,3,2,1,2,0,4,8,No,0
519,1,4,3,1,4028,243,46,7791,4,2,4,3,7,7,0,5,0,2,7,No,0
520,2,1,3,2,2720,806,76,18959,4,1,3,3,10,7,2,8,1,5,1,No,0
521,1,4,2,1,8120,817,56,18597,2,4,3,3,2,2,2,2,3,3,2,No,0
522,1,3,2,1,4647,1410,71,16673,4,4,4,3,6,5,0,4,1,3,3,No,1
523,2,1,1,2,4680,1225,80,15232,4,4,3,3,1,0,0,0,3,2,10,No,0
524,2,3,2,3,3221,1207,74,3297,3,4,3,3,20,8,3,8,1,3,28,No,1
525,2,3,4,5,8621,1442,46,17654,2,2,3,4,8,7,7,7,1,3,9,No,0
526,1,1,1,1,4577,693,65,24785,3,3,3,3,2,2,2,0,9,3,3,Yes,0
527,2,5,3,5,4553,408,80,20978,3,2,3,3,20,7,11,10,1,4,2,No,0
528,1,4,4,1,5396,929,55,21703,4,3,3,2,10,7,0,8,1,2,10,No,0
529,1,5,1,1,6796,562,50,23452,3,3,3,3,4,3,1,3,3,4,8,Yes,1
530,2,1,3,5,7625,827,33,19383,4,4,3,2,9,7,1,8,0,4,1,No,0
531,2,1,1,4,7412,608,68,6009,1,3,3,3,9,7,0,7,1,3,1,No,0
532,2,1,1,8,11159,1018,39,19373,4,3,3,3,7,7,7,7,3,6,3,No,0
533,1,4,3,1,4960,703,42,11825,1,3,3,3,7,7,1,7,2,2,14,No,0
534,1,1,3,1,10475,580,48,23772,1,2,4,3,18,13,1,12,5,2,5,No,1
535,2,1,4,8,14814,970,59,13514,3,4,3,3,5,1,1,3,3,3,7,No,0
536,3,6,3,6,19141,427,73,8861,4,2,3,2,21,6,12,6,3,2,10,No,0
537,1,4,3,1,5405,1179,84,11924,1,3,3,3,2,2,2,2,8,1,16,No,0
538,2,1,1,4,8793,294,32,4809,1,3,4,2,9,7,1,7,1,4,10,No,0
539,3,6,4,6,19189,314,59,19562,3,2,3,3,22,7,2,10,1,3,1,No,0
540,1,4,3,7,3875,316,54,9983,2,3,3,3,2,2,2,2,7,2,8,No,0
541,2,1,1,2,2216,654,67,3872,2,1,3,3,7,7,3,7,7,4,1,Yes,1
542,2,1,4,8,11713,427,63,20335,1,4,3,3,8,7,0,5,9,2,8,No,0
543,2,1,4,4,7861,168,81,15397,3,3,3,4,1,0,0,0,4,4,1,No,1
544,2,3,4,3,3708,381,49,2104,3,1,3,3,5,2,1,4,2,5,24,No,0
545,1,3,4,1,13770,217,49,10225,3,3,3,2,22,2,11,13,9,2,3,No,1
546,1,4,5,1,5304,501,99,25275,4,3,4,2,8,7,7,7,7,2,27,No,0
547,1,1,4,7,2642,1396,99,2755,3,3,3,3,1,0,0,0,1,6,10,No,0
548,2,3,4,2,2759,933,57,20366,3,4,3,3,2,2,2,2,6,2,19,Yes,1
549,1,1,4,1,6804,775,47,23683,4,2,3,3,2,2,2,2,3,5,15,No,0
550,2,3,1,5,6142,970,96,7360,3,3,3,3,5,1,4,3,3,2,8,No,0
551,2,3,2,3,2500,650,37,4344,1,3,3,4,4,3,0,2,1,2,9,No,0
552,3,6,4,9,6389,141,44,18767,2,4,3,1,8,3,3,6,9,3,3,No,0
553,2,3,4,5,11103,832,81,20420,4,3,3,2,10,7,1,1,7,1,9,No,0
554,2,3,2,2,2342,804,86,22929,4,2,4,2,4,2,2,3,0,2,2,No,1
555,2,3,4,5,6811,975,55,23398,1,2,3,1,7,6,0,7,8,2,7,No,0
556,1,4,4,7,2297,1090,83,17967,2,3,3,3,2,2,2,2,1,2,10,No,0
557,2,1,4,3,2450,346,86,10919,4,3,3,3,2,2,2,2,2,4,6,No,0
558,2,1,3,5,5093,1225,61,4761,1,3,3,4,1,0,0,0,2,2,2,No,0
559,2,1,3,3,5309,430,80,21146,4,3,3,3,10,8,4,7,1,2,24,No,0
560,2,3,5,2,3057,268,92,20471,3,3,3,1,1,0,0,1,6,0,2,No,1
561,2,1,5,4,5121,167,32,4187,1,3,3,3,0,0,0,0,3,3,8,No,0
562,1,4,3,6,16856,621,31,10084,1,2,3,4,34,6,1,16,1,3,3,No,0
563,2,2,3,2,2686,527,63,5207,4,3,3,2,10,9,7,8,1,2,1,Yes,1
564,1,3,2,1,6180,883,32,22807,4,3,4,2,6,5,1,4,1,5,26,No,0
565,1,5,1,7,6632,954,46,12388,3,1,3,3,8,7,3,1,0,3,2,No,0
566,2,3,2,2,3505,310,79,19630,3,4,3,3,2,2,0,2,1,3,10,No,0
567,1,1,1,1,6397,719,77,10339,3,4,3,3,5,4,1,3,4,2,27,Yes,1
568,1,2,4,1,6274,304,60,18686,4,3,4,3,6,5,1,4,1,5,2,No,0
569,2,3,4,6,19859,725,78,21199,1,3,3,3,5,2,1,4,5,2,2,Yes,1
570,1,1,3,1,7587,1434,76,14229,1,2,3,3,10,7,0,9,1,1,8,No,0
571,2,3,3,2,4258,715,41,26589,4,3,3,3,4,3,1,2,0,3,19,No,0
572,2,1,1,3,4364,575,71,5288,4,1,3,3,2,2,2,0,3,2,1,No,0
573,2,3,4,5,4335,657,66,25549,3,3,3,2,8,7,1,1,4,3,27,No,0
574,1,5,4,1,5326,1146,38,3064,1,2,3,2,4,3,1,2,6,2,8,Yes,0
575,2,1,3,2,3280,182,72,13551,4,4,3,3,4,2,1,3,2,2,1,No,0
576,2,3,3,4,5485,376,95,22670,1,3,3,3,5,3,1,4,9,4,19,No,1
577,1,4,2,1,4342,829,84,24008,4,3,3,3,4,2,1,1,0,3,8,No,0
578,2,1,2,2,2782,571,82,19905,1,3,3,2,5,3,4,3,0,3,10,No,1
579,2,1,3,4,5980,240,75,26085,1,4,3,3,15,7,4,12,6,2,2,No,1
580,2,3,3,2,4381,121,86,7530,1,2,3,3,6,5,1,3,1,3,2,No,0
581,1,1,3,7,2572,384,72,20317,4,3,3,2,3,2,0,2,1,1,8,No,0
582,2,1,4,3,3833,921,38,24375,3,1,4,3,2,2,0,2,3,2,1,No,0
583,2,3,1,5,4244,791,38,9931,2,4,4,3,8,7,3,7,1,2,2,No,0
584,1,1,1,1,6500,1111,93,13305,1,3,3,3,3,2,1,2,5,1,8,No,0
585,2,1,4,6,18430,570,66,16225,4,3,3,2,24,7,14,9,1,4,8,No,0
586,2,1,4,3,1601,1243,63,3445,1,4,4,3,0,0,0,0,1,2,6,Yes,1
587,2,1,4,3,2694,1092,60,26551,2,2,3,3,1,0,0,0,1,4,9,No,0
588,2,1,3,3,3149,1325,82,21821,3,3,4,3,5,2,1,4,8,3,11,No,0
589,2,3,4,8,17639,691,64,6881,3,3,3,3,4,3,0,3,5,3,2,No,0
590,2,1,1,3,2319,805,36,6689,1,2,3,3,1,0,0,0,1,1,1,Yes,1
591,2,3,4,8,11691,213,49,25995,3,3,3,4,13,9,3,7,0,3,7,No,0
592,1,4,4,1,5324,118,69,26507,1,3,3,3,3,2,0,2,5,3,16,Yes,0
593,2,2,1,6,16752,202,33,12982,4,3,3,2,26,14,3,0,1,3,2,No,1
594,2,2,4,4,5228,676,35,23361,2,3,3,3,9,7,0,5,0,2,1,No,0
595,2,1,1,2,2700,1252,81,23779,3,4,4,3,10,7,0,7,1,3,23,No,0
596,2,1,3,8,19246,286,31,25761,2,3,3,3,31,15,13,8,7,2,2,Yes,1
597,2,1,3,2,2506,1258,40,13301,3,4,3,3,2,2,2,2,3,0,1,No,0
598,2,1,1,4,6062,932,43,4051,4,2,3,3,4,3,0,2,9,4,1,No,1
599,2,3,3,2,4382,890,46,16374,3,3,3,2,2,2,2,1,6,3,2,Yes,0
600,3,6,4,9,2143,1041,36,25527,2,3,3,3,5,2,0,4,4,2,13,No,0
601,2,1,4,4,6162,859,98,19124,3,2,3,3,14,13,6,8,1,3,4,No,0
602,2,3,3,3,5094,720,51,11983,3,2,3,3,1,0,0,0,6,6,16,No,0
603,2,3,4,4,6877,946,52,20234,4,2,4,2,0,0,0,0,5,4,2,No,1
604,2,1,4,2,2274,252,95,6153,3,2,3,3,1,0,0,0,1,3,2,No,0
605,2,1,4,4,4434,933,98,11806,2,3,3,2,9,8,7,8,1,3,29,No,0
606,2,1,4,5,6288,471,45,4284,1,2,3,2,4,3,1,2,2,3,12,No,0
607,2,1,3,2,2553,702,100,8306,4,2,3,3,5,2,1,3,1,3,16,No,0
608,1,4,4,1,7654,1184,43,5860,4,3,3,4,9,8,7,7,1,3,11,Yes,0
609,1,3,2,1,5160,436,37,21519,4,3,3,2,9,7,7,3,4,3,2,Yes,0
610,2,1,1,8,17159,589,94,5200,1,3,4,3,4,1,1,0,6,3,14,No,0
611,2,5,2,8,12808,269,42,8842,4,2,3,3,9,8,0,8,1,3,5,No,1
612,2,2,4,4,10221,950,59,18869,3,3,4,4,8,5,1,6,3,3,7,No,0
613,1,4,3,1,4779,760,81,3698,2,3,4,3,8,7,7,5,1,2,2,No,1
614,3,6,1,9,3737,829,88,2243,4,3,3,1,3,2,0,2,0,1,3,No,0
615,2,3,1,2,2366,887,88,20898,3,2,3,3,8,7,1,7,1,2,5,Yes,1
616,2,3,4,2,1706,443,50,16571,4,3,3,2,0,0,0,0,1,6,3,No,0
617,1,4,3,6,16307,1318,66,5594,3,3,3,2,20,6,4,17,2,2,26,No,0
618,2,3,4,5,5933,625,50,5197,2,3,3,2,5,2,2,3,9,2,4,No,0
619,2,3,2,2,3424,180,65,21632,1,4,3,2,4,3,0,1,7,3,2,No,0
620,1,3,4,1,4037,586,48,21816,1,4,4,3,9,8,0,8,1,5,1,No,0
621,2,3,2,2,2559,1343,53,17852,1,2,3,2,6,5,1,1,1,3,27,No,0
622,1,1,1,1,6201,928,56,2823,4,3,3,2,18,14,4,11,1,1,1,No,1
623,1,1,3,1,4403,117,73,9250,4,3,3,2,5,2,0,3,2,3,13,No,0
624,2,1,3,2,3761,1012,75,2373,4,2,3,2,5,4,0,3,9,3,5,No,0
625,1,4,1,1,10934,661,78,20715,4,2,3,3,5,2,0,4,7,3,7,No,1
626,1,4,4,1,10761,930,74,19239,1,3,3,3,5,4,0,2,4,2,9,No,1
627,2,3,1,2,5175,638,91,22162,3,4,3,2,5,3,1,3,5,3,8,No,0
628,2,3,3,4,13826,890,81,19028,4,2,4,3,9,8,0,0,3,3,25,No,0
629,1,4,3,1,6334,342,66,24558,3,2,3,3,1,0,0,0,4,2,16,No,0
630,3,3,1,9,4936,1169,63,23965,4,2,3,3,5,1,0,4,1,6,8,No,0
631,2,1,1,4,4775,1230,33,19146,4,2,4,1,2,2,2,2,6,2,1,No,0
632,2,1,3,3,2818,986,62,5044,4,4,4,2,3,2,0,2,2,2,8,No,1
633,2,3,2,2,2515,1271,35,9068,4,3,3,3,2,1,2,2,5,2,2,No,1
634,3,1,4,9,2342,1278,77,8635,1,2,4,3,5,4,0,3,0,3,8,No,0
635,1,2,2,1,4194,141,98,14363,1,3,3,3,5,3,0,3,1,3,3,No,1
636,2,1,4,4,10685,607,66,23457,3,2,4,3,17,14,5,15,1,2,9,No,1
637,2,1,3,2,2022,130,96,16612,2,3,3,2,10,2,7,8,1,3,25,Yes,1
638,2,1,4,3,2314,300,61,9148,4,3,3,3,3,0,0,2,0,2,1,No,0
639,1,4,2,1,4256,583,87,18154,1,2,3,4,5,2,0,3,1,1,4,No,0
640,2,5,4,2,3580,1418,36,10554,1,3,3,3,4,2,0,2,2,2,1,No,0
641,2,1,2,3,3162,1269,46,10778,4,2,3,2,5,2,3,4,0,2,4,No,0
642,1,1,1,1,6524,379,48,8891,2,3,3,3,10,8,5,3,1,3,5,No,0
643,1,4,4,7,2899,395,98,12102,2,2,3,3,2,2,1,2,0,3,9,No,0
644,2,1,4,3,5231,1265,95,23726,4,4,3,2,5,3,1,3,2,1,3,No,1
645,2,1,3,2,2356,1222,48,14871,4,3,3,3,6,4,0,2,3,2,11,No,1
646,1,3,4,7,2800,341,48,23522,3,2,3,3,3,2,0,2,6,3,1,Yes,1
647,1,4,4,1,11836,868,73,22789,4,3,3,3,2,0,2,2,5,3,8,No,0
648,2,5,4,4,10903,672,78,9129,2,2,3,3,13,10,4,8,3,2,25,No,0
649,1,3,1,7,2973,1231,54,21222,4,3,3,3,5,4,0,0,5,3,21,No,0
650,2,1,3,8,14275,102,72,20206,4,3,3,3,12,9,3,8,6,0,23,No,0
651,2,1,4,5,5562,422,33,21782,4,3,3,2,5,2,2,2,4,2,1,No,0
652,1,4,1,1,4537,249,35,17783,4,3,4,3,7,6,7,7,0,2,2,No,1
653,1,3,1,1,7642,1252,32,4814,2,3,3,3,10,0,0,9,1,2,19,No,1
654,2,1,3,6,17924,881,98,4544,1,3,3,3,31,6,14,7,1,3,2,No,0
655,3,1,4,9,5204,1383,42,7790,4,2,3,3,5,4,0,4,8,2,2,No,0
656,3,6,1,9,2277,1075,57,22650,2,3,3,4,4,3,0,3,3,4,3,No,1
657,2,1,3,3,2795,374,87,18016,4,3,4,1,1,0,0,1,1,2,25,Yes,1
658,2,3,2,3,2532,1086,62,6054,4,2,3,3,4,3,0,3,6,5,7,No,0
659,2,1,1,2,2559,661,61,7508,1,3,3,3,8,7,7,1,1,0,9,No,1
660,1,3,3,1,4908,821,98,24252,4,3,3,3,4,2,0,2,1,3,5,No,0
661,2,1,2,3,2380,781,57,13384,4,2,3,2,1,0,0,0,9,3,2,Yes,1
662,2,1,4,4,4765,177,55,23814,2,3,4,4,1,0,0,0,4,2,8,No,0
663,1,3,4,7,2044,500,49,22052,3,2,3,2,2,2,0,2,1,3,2,Yes,0
664,2,2,2,2,2693,1427,65,8870,4,3,3,2,1,0,0,0,1,3,18,Yes,0
665,2,1,2,5,6586,1425,68,4821,4,3,3,2,16,8,4,11,0,2,14,No,1
666,1,1,3,7,3294,1454,65,13137,4,2,3,2,3,2,1,2,1,3,2,No,1
667,2,1,2,4,4171,617,34,10022,3,3,3,4,3,2,0,2,0,3,3,Yes,1
668,2,1,3,3,2778,1085,57,17725,4,1,3,2,7,7,1,0,4,1,2,Yes,1
669,2,3,4,2,2377,995,77,9834,3,3,3,3,2,2,2,2,5,2,9,No,0
670,2,3,4,3,2404,1122,70,4303,1,3,4,1,2,2,2,2,7,2,6,Yes,1
671,2,1,4,2,2318,618,76,17808,3,3,3,3,1,1,0,0,1,2,4,No,0
672,2,1,4,3,2008,546,83,6896,2,3,3,3,1,0,1,0,1,3,10,No,0
673,1,3,1,1,6244,462,68,7824,3,2,3,3,5,4,0,3,7,6,14,No,0
674,2,2,3,2,2799,1198,100,3339,1,2,3,3,3,2,0,2,3,1,1,No,1
675,2,5,4,5,10552,1272,37,9255,2,2,3,3,6,0,0,4,2,3,5,No,1
676,1,1,3,7,2329,154,41,11737,3,2,3,4,7,7,5,2,3,2,7,No,0
677,2,1,2,5,4014,1137,51,19170,4,3,4,1,10,6,0,7,1,2,21,No,1
678,2,2,1,3,7403,527,51,22477,2,3,3,2,26,9,1,7,4,3,8,No,0
679,2,3,3,2,2259,1469,51,5543,3,3,3,2,0,0,0,0,4,2,20,No,0
680,1,4,1,1,6932,1188,45,24406,3,3,3,2,9,8,0,0,1,2,20,No,0
681,2,2,3,2,4678,188,65,23293,4,3,3,3,6,2,0,1,2,6,7,No,0
682,2,5,4,8,13582,1333,80,16292,1,3,3,3,15,12,5,11,1,3,1,No,0
683,2,1,4,3,2332,1184,70,3974,2,2,4,3,3,0,0,2,6,3,1,No,0
684,1,4,1,7,2413,867,36,18798,2,2,3,3,1,0,0,0,1,2,19,Yes,1
685,1,4,3,1,9705,658,67,20652,2,2,3,2,1,0,0,0,2,2,10,No,0
686,1,3,4,1,4294,1283,52,11148,1,2,3,3,7,7,0,7,1,2,1,No,0
687,2,3,4,3,4721,263,59,3119,1,3,3,3,18,13,2,17,2,3,6,No,1
688,2,3,3,3,2519,938,79,12287,3,3,4,3,11,8,3,9,4,6,2,No,0
689,1,2,4,7,2121,419,37,9947,2,2,3,4,1,0,0,0,1,3,21,Yes,1
690,2,5,4,3,2973,129,84,13008,1,3,3,3,1,0,0,0,1,2,4,Yes,0
691,2,3,4,5,5855,616,41,17369,4,3,3,1,9,7,8,5,0,2,12,No,1
692,2,3,3,2,3617,1469,35,25063,2,3,3,3,1,1,0,0,8,2,9,No,1
693,2,3,3,4,6725,498,93,13554,1,3,3,4,8,7,6,3,1,2,3,No,0
694,1,1,2,1,10325,530,51,5518,4,2,3,3,16,7,3,7,1,6,3,Yes,1
695,2,1,4,5,6949,1069,42,12291,4,2,3,3,5,0,1,4,0,3,1,No,0
696,1,1,3,1,10609,625,46,14922,3,2,3,1,14,1,11,7,5,2,1,Yes,0
697,2,1,1,3,4447,805,57,23163,2,3,3,2,9,7,0,8,1,5,4,No,0
698,1,5,4,7,2157,1404,84,18203,4,3,3,3,3,1,0,2,1,5,20,No,0
699,1,3,4,1,4601,1219,86,6179,3,3,3,3,5,2,1,0,1,3,18,No,0
700,2,1,1,6,17099,1053,70,13829,4,3,3,2,9,8,7,8,2,2,1,No,0
701,2,5,4,2,2479,289,51,26227,3,3,4,3,1,0,0,0,4,4,2,Yes,0
702,1,3,1,6,14852,1376,45,13938,3,3,3,4,17,13,15,2,6,3,2,No,0
703,1,2,1,1,7264,231,62,9977,3,3,3,4,8,4,7,7,5,2,8,No,0
704,1,5,4,1,5666,152,85,19899,4,3,3,3,5,3,1,3,1,1,10,No,1
705,1,1,3,1,7823,882,92,6812,4,3,3,3,10,9,0,8,6,2,3,No,0
706,1,1,5,1,7880,903,41,2560,3,4,3,3,8,7,0,7,0,3,2,No,0
707,1,1,4,1,13194,1479,100,17071,2,4,3,2,1,0,0,0,4,2,24,Yes,1
708,2,3,3,4,5067,1379,64,6759,3,4,3,4,19,10,2,7,1,3,16,No,1
709,1,5,3,1,5079,1229,84,25952,4,3,3,3,7,7,0,7,4,3,8,No,0
710,2,3,1,2,2321,335,46,10322,1,2,4,3,3,2,1,2,0,0,9,Yes,1
711,1,1,4,6,17444,722,38,20489,3,3,3,3,10,8,6,0,1,2,17,No,0
712,2,1,4,2,2404,906,92,11479,1,2,4,3,0,0,0,0,6,5,10,Yes,1
713,2,1,2,2,3452,461,53,17241,4,3,3,3,3,2,0,2,3,4,13,No,0
714,2,3,3,3,2270,974,91,11005,4,3,3,3,5,3,0,2,3,2,1,No,0
715,2,3,1,8,17399,1126,66,6615,4,3,4,2,5,4,1,3,9,1,1,No,0
716,2,2,3,5,5488,827,84,20161,2,4,3,3,6,5,1,2,1,2,1,No,1
717,2,3,4,8,19419,840,64,3735,3,3,3,4,18,16,0,11,2,2,9,No,0
718,2,5,3,3,2811,1134,37,12086,2,3,3,3,2,2,2,2,9,2,16,No,0
719,2,1,1,3,3633,248,42,14039,1,3,3,3,9,8,0,8,1,2,23,No,1
720,1,1,1,1,4163,955,83,8571,4,3,3,3,9,0,0,7,1,0,4,No,1
721,2,1,4,2,2132,138,48,11539,3,3,3,3,5,2,0,1,4,2,22,Yes,1
722,2,1,4,4,13973,939,95,4161,3,3,3,3,12,11,1,5,3,2,24,No,1
723,2,3,2,2,2684,1391,66,12127,3,3,3,2,2,1,0,2,0,0,10,No,0
724,2,3,1,4,10845,566,75,24208,3,3,3,3,8,7,0,7,6,3,7,No,0
725,2,3,2,4,4377,1206,41,24117,3,2,3,3,4,2,3,2,1,6,17,No,0
726,2,2,3,3,3743,622,39,10074,2,2,4,1,4,2,0,2,1,2,14,Yes,1
727,2,1,2,4,4148,853,96,11275,1,3,3,3,4,3,0,3,1,1,1,No,0
728,2,1,1,2,1051,287,73,13493,4,3,3,3,0,0,0,0,1,2,5,No,0
729,2,5,4,4,10739,1441,56,13943,3,3,3,3,10,7,0,8,8,2,17,No,0
730,2,3,3,5,10388,583,57,6975,3,3,3,2,16,10,10,1,1,3,25,No,1
731,2,1,1,8,11416,153,73,17802,1,4,3,2,8,7,1,7,0,4,8,No,1
732,2,3,4,2,2600,1097,98,18275,1,2,3,3,1,0,0,0,1,2,11,Yes,1
733,2,3,4,3,2422,109,60,25725,2,3,3,3,3,2,1,2,0,3,5,Yes,0
734,2,3,1,4,5472,1066,32,3334,4,4,3,3,8,7,1,3,1,2,2,No,0
735,2,1,2,3,2451,217,94,6881,1,1,3,2,4,3,1,1,1,3,8,No,0
736,2,1,4,5,4240,277,97,13119,3,2,3,3,2,2,2,2,2,0,6,No,0
737,2,1,3,5,10999,1355,78,22245,3,2,3,3,15,11,4,8,7,3,4,No,0
738,2,3,1,4,5003,549,42,23371,3,3,3,3,2,2,2,1,6,6,7,No,0
739,2,1,2,4,12742,466,65,7060,4,2,3,3,21,6,11,8,1,3,1,No,0
740,2,1,3,4,4227,1055,47,4658,4,3,3,3,3,2,2,2,0,2,2,No,0
741,2,2,4,3,3917,802,45,9541,4,3,4,2,3,2,1,2,1,4,10,No,0
742,1,4,1,6,18303,265,90,7770,3,3,3,4,1,0,0,0,6,3,5,No,0
743,2,1,4,3,2380,804,64,20165,4,3,3,3,1,0,0,0,4,5,9,No,0
744,2,1,4,4,13726,715,69,21829,4,2,3,3,5,3,4,3,3,4,2,No,1
745,2,3,1,5,4777,1141,61,14382,2,1,3,1,1,0,0,0,5,2,11,Yes,0
746,2,3,3,5,6385,135,62,12992,2,3,3,3,8,7,6,7,3,3,18,No,1
747,2,1,2,8,19973,247,55,20284,3,1,4,3,21,16,5,10,1,3,7,No,0
748,1,1,3,1,6861,1035,42,4981,4,3,3,3,1,0,0,0,8,1,3,No,1
749,1,3,1,1,4969,265,79,21813,1,1,3,3,2,2,2,2,8,6,29,Yes,0
750,1,4,2,6,19845,266,57,25846,4,1,3,3,32,14,6,9,1,3,2,Yes,0
751,1,3,4,1,13320,1448,53,11737,4,4,3,3,12,11,11,11,3,2,28,No,1
752,1,1,4,1,6347,145,95,24920,3,3,3,3,18,7,0,13,0,3,1,No,0
753,2,1,3,3,2743,885,43,8269,1,4,3,3,17,13,15,14,1,1,16,Yes,0
754,2,3,4,4,10880,945,82,5083,1,3,3,3,21,6,2,8,1,2,22,No,1
755,1,1,2,7,2342,1038,88,21437,4,2,3,2,2,2,2,2,0,2,8,No,0
756,1,1,1,6,17650,1234,90,5404,4,3,3,4,9,3,1,1,3,4,11,No,0
757,2,3,3,3,4025,1109,69,11135,3,3,3,3,8,7,7,7,9,2,29,No,0
758,1,4,3,1,9725,216,75,12278,4,4,3,2,15,1,0,9,0,2,1,No,0
759,1,5,1,6,11904,1089,66,11038,4,3,3,1,6,4,0,4,3,1,1,No,1
760,3,3,3,9,2177,788,36,8318,2,3,3,3,6,3,0,4,1,3,24,No,0
761,1,4,4,1,7525,124,38,23537,2,2,3,3,15,7,6,12,2,2,2,No,0
762,2,2,4,3,4834,660,81,7858,3,3,3,2,1,0,0,0,7,3,15,Yes,0
763,2,1,4,2,2042,342,57,15346,1,3,3,3,3,2,1,2,6,2,2,Yes,1
764,1,1,3,7,2220,1333,87,18410,3,3,3,3,1,1,0,0,1,2,10,No,1
765,1,3,2,7,1052,1144,74,23384,2,3,4,3,1,0,0,0,1,5,10,No,0
766,2,2,3,2,2821,1186,44,2997,3,3,3,3,2,2,2,2,3,2,3,No,0
767,2,3,3,8,19237,1464,62,12853,3,3,3,2,8,1,7,7,2,2,2,No,1
768,2,2,4,5,4107,124,35,13848,2,3,3,2,4,3,0,1,3,3,3,No,0
769,1,4,4,1,8396,300,74,22217,1,3,3,2,7,7,7,5,1,3,26,No,0
770,2,3,2,2,2007,921,66,25265,3,2,3,3,5,3,1,3,1,5,1,No,0
771,2,3,3,8,19627,430,40,21445,4,3,3,3,2,2,2,2,9,0,1,No,0
772,1,1,3,1,10686,1082,41,8392,3,2,3,3,9,4,7,0,6,4,2,No,0
773,2,3,4,2,2942,1240,63,12154,3,3,3,3,5,4,0,3,2,4,9,No,0
774,2,3,5,4,8858,796,51,15669,4,2,3,2,14,8,7,8,0,2,12,No,0
775,2,3,2,6,16756,444,40,17323,1,2,3,4,9,7,6,2,7,3,2,No,0
776,1,3,4,1,10798,415,79,5268,4,2,3,3,1,0,0,0,5,5,25,No,0
777,1,4,4,7,2323,769,54,17205,4,3,3,3,2,2,0,2,1,3,9,Yes,1
778,2,1,4,3,1416,1334,36,17258,1,2,3,2,1,0,1,0,1,6,10,Yes,0
779,2,1,3,2,4615,1003,74,21029,1,2,4,3,16,13,1,7,8,2,8,No,1
780,2,1,3,2,2461,1323,34,10332,3,3,3,4,10,0,2,7,9,2,4,Yes,1
781,2,5,1,5,8722,1366,72,12355,1,2,3,2,10,7,1,9,1,2,24,Yes,0
782,2,3,1,3,3955,192,59,11141,1,2,3,3,5,3,1,3,1,2,1,No,0
783,2,2,4,4,9957,1176,85,9096,1,3,3,2,6,2,0,2,0,1,20,No,0
784,2,5,1,2,3376,509,43,18863,3,4,3,3,10,6,0,8,1,3,7,No,0
785,2,1,2,5,8823,330,65,24608,3,2,3,2,19,9,1,9,0,4,17,No,0
786,2,5,3,5,10322,1492,61,26542,4,3,4,3,11,10,11,1,4,6,20,No,0
787,2,1,5,3,4621,1277,87,5869,3,1,3,3,3,2,1,2,1,4,8,No,0
788,2,1,2,4,10976,1091,65,15813,2,3,3,3,3,2,1,2,3,4,2,No,0
789,2,2,4,2,3660,857,59,7909,3,3,3,4,8,7,1,7,3,4,10,No,0
790,3,3,1,9,10482,1376,91,2326,1,2,3,3,20,6,3,6,9,1,1,Yes,0
791,2,1,4,5,7119,654,34,21214,4,2,3,3,3,2,1,2,4,2,5,No,0
792,1,5,4,1,9582,1204,86,10333,1,3,4,3,8,7,4,7,0,2,4,Yes,1
793,2,3,3,2,4508,827,54,3129,3,2,4,3,13,7,3,8,1,4,29,Yes,0
794,2,1,1,3,2207,895,50,22482,3,3,3,2,4,2,2,2,1,5,15,No,0
795,2,1,2,5,7756,618,45,22266,4,3,3,2,6,2,0,4,0,1,3,No,0
796,1,1,3,1,6694,309,88,24223,4,2,3,3,1,0,0,0,2,5,10,No,1
797,2,5,2,3,3691,1219,32,4605,4,3,3,4,7,7,5,6,1,3,4,Yes,1
798,2,3,4,3,2377,1330,37,19373,3,3,4,2,1,1,0,0,1,0,21,Yes,0
799,2,3,4,2,2313,1017,55,2993,2,2,4,3,2,2,2,2,4,0,25,Yes,1
800,2,3,1,6,17665,469,35,14399,1,3,3,3,22,6,13,7,0,3,2,No,0
801,2,3,4,3,2596,1009,45,7160,2,2,3,3,1,0,0,0,1,2,1,Yes,0
802,1,2,3,1,4728,959,81,17251,3,3,3,3,0,0,0,0,3,4,1,Yes,1
803,1,1,4,1,4302,970,30,13401,2,3,3,3,3,2,0,2,0,3,7,No,0
804,2,1,3,2,2979,697,40,22478,4,2,3,3,0,0,0,0,3,2,3,No,0
805,2,3,3,6,16885,1262,35,16154,4,4,4,2,5,4,2,1,2,3,1,No,0
806,1,1,3,1,5593,1050,65,17970,3,2,3,3,15,10,4,12,1,2,9,No,0
807,2,1,3,5,10445,994,87,15322,2,3,3,3,8,6,4,0,7,4,7,No,0
808,1,4,3,1,8740,770,73,5569,3,2,3,3,8,7,2,7,0,2,10,No,1
809,2,1,3,2,2514,1107,93,26968,4,3,4,3,7,5,1,7,4,1,28,No,0
810,2,3,4,4,7655,950,93,8039,2,3,3,2,9,7,1,7,0,3,3,No,0
811,1,4,2,6,17465,406,52,15596,3,3,3,3,12,9,4,9,3,3,3,No,0
812,1,4,1,1,7351,130,32,20619,2,3,3,3,1,0,0,0,7,2,2,No,0
813,2,1,4,4,10820,1082,83,11535,1,3,3,3,8,7,0,1,8,1,27,No,0
814,2,1,4,5,12169,203,84,13547,4,3,3,3,18,7,11,5,7,4,2,Yes,0
815,2,3,4,8,19626,1308,44,17544,3,2,3,4,20,7,4,9,1,2,14,No,0
816,2,5,2,2,2070,984,70,25326,2,2,3,4,2,2,2,2,1,6,1,No,1
817,2,1,4,3,6782,439,70,8770,2,3,3,2,5,4,0,3,9,2,9,No,0
818,2,1,3,4,7779,217,78,23238,4,3,4,3,11,9,0,9,2,0,18,No,0
819,1,1,4,7,2791,793,67,21981,4,4,3,3,2,2,2,2,0,4,20,No,0
820,2,1,2,2,3201,1451,67,19911,2,2,3,1,5,3,0,4,0,2,2,No,0
821,1,4,1,1,4968,1182,54,18500,4,3,3,3,5,2,0,2,1,3,11,No,0
822,1,5,3,1,13120,174,56,11879,2,2,3,3,9,8,2,3,6,3,8,No,0
823,2,1,1,4,4033,1003,95,15834,3,3,3,2,3,2,0,2,2,3,2,No,0
824,2,1,4,2,3291,490,61,17940,2,3,3,2,7,5,1,1,0,2,10,No,0
825,2,3,4,3,4272,188,56,9558,4,1,3,3,1,0,0,0,4,3,29,No,0
826,2,3,2,4,5056,718,79,17689,4,2,3,2,10,7,1,2,1,2,8,No,1
827,3,6,4,9,2844,433,37,6004,3,4,3,4,7,6,5,0,1,2,1,No,0
828,2,1,4,2,2703,773,39,22088,3,2,3,3,3,1,0,2,1,2,6,No,1
829,2,3,2,3,1904,247,80,13556,3,3,3,3,0,0,0,0,1,0,8,Yes,0
830,1,4,3,1,8224,603,77,18385,1,3,3,3,5,2,0,3,0,3,9,Yes,1
831,2,1,3,3,4766,167,46,9051,4,3,3,3,1,0,0,0,3,4,12,No,1
832,2,3,4,3,2610,874,72,6233,3,3,3,2,2,2,2,2,1,5,15,Yes,0
833,2,3,1,5,5731,367,52,17171,4,2,3,3,6,2,1,3,7,2,25,No,0
834,2,1,4,2,2539,199,55,7950,3,2,3,3,4,2,2,2,1,0,6,No,0
835,1,1,2,1,5714,1400,70,5829,3,3,4,2,6,5,1,3,1,3,9,No,0
836,3,5,3,9,4323,528,100,7108,3,3,3,1,5,4,1,4,1,2,8,No,0
837,1,1,2,1,7336,408,45,11162,1,2,3,1,11,8,3,10,1,3,23,Yes,0
838,2,3,3,8,13499,593,88,13782,3,3,3,2,18,7,2,13,9,3,9,No,0
839,1,1,4,1,13758,481,44,2447,1,3,3,2,21,9,13,14,0,2,12,Yes,1
840,1,4,3,1,5155,647,45,2253,1,3,3,4,6,4,1,5,7,3,4,No,0
841,2,3,3,3,2258,982,58,16340,3,2,3,3,8,0,1,7,6,2,1,No,0
842,2,3,4,3,3597,477,49,6409,2,3,4,3,4,3,1,2,8,2,24,No,0
843,2,1,2,3,2515,1485,79,22955,4,3,3,2,1,1,0,0,1,4,12,Yes,1
844,2,3,3,3,4420,1384,82,13421,4,4,4,3,8,7,0,7,1,2,3,No,0
845,1,4,4,1,6578,852,72,2706,3,2,3,3,10,3,1,4,1,3,10,No,0
846,2,3,1,2,4422,902,92,21203,4,2,3,1,1,1,0,0,3,3,26,No,1
847,2,1,4,4,10274,819,44,19588,2,2,3,4,7,7,6,4,2,2,2,No,0
848,2,3,4,5,5343,669,97,25755,1,2,4,3,13,9,4,9,0,3,1,No,0
849,2,2,3,3,2376,636,47,26537,4,2,3,4,2,2,2,2,1,2,4,No,0
850,1,4,4,1,5346,1372,85,9489,3,1,3,2,4,3,1,3,8,2,9,Yes,0
851,1,1,2,7,2827,862,76,14947,1,3,3,3,1,0,0,0,1,3,2,No,0
852,2,5,3,6,19943,718,92,18575,1,3,3,3,5,2,4,2,4,2,4,No,0
853,2,3,2,3,3131,1401,54,26342,4,3,3,3,10,8,0,8,1,5,6,No,0
854,2,1,1,2,2552,645,54,7172,1,3,4,3,1,1,0,0,1,4,9,No,0
855,2,3,4,2,4477,1457,83,20100,3,3,3,2,3,2,0,2,4,2,7,No,1
856,2,1,4,4,6474,977,56,9961,4,2,3,2,14,8,3,11,1,2,1,No,0
857,2,1,4,3,3033,805,87,12828,3,2,3,2,2,2,1,2,1,2,3,No,0
858,2,1,3,2,2936,1097,96,10826,3,3,3,3,6,4,0,2,1,4,10,Yes,1
859,2,3,1,6,18606,1223,50,18640,3,3,3,3,7,7,4,7,3,6,7,No,0
860,2,1,2,2,2168,942,69,26933,4,1,3,2,5,4,1,3,0,2,15,No,1
861,2,1,3,2,2853,1256,48,4223,4,2,3,3,0,0,0,0,0,5,3,Yes,1
862,1,4,4,6,17048,1402,69,24097,1,3,4,3,26,15,15,9,8,2,2,No,0
863,2,1,4,2,2290,111,74,4279,3,1,3,3,0,0,0,0,2,3,17,No,0
864,3,6,4,9,3600,147,99,8429,3,3,3,3,5,4,1,4,1,2,2,No,0
865,2,1,1,2,2107,906,95,20293,1,2,3,1,1,0,0,0,6,2,5,Yes,0
866,1,1,3,1,4115,1329,61,13192,1,3,3,3,4,3,0,3,8,3,29,No,0
867,1,3,3,1,4327,1184,62,25440,2,3,3,3,0,0,0,0,5,2,2,No,0
868,2,3,4,6,17856,1421,30,9490,1,3,4,3,2,2,2,2,2,3,2,No,0
869,2,3,3,3,3196,1179,78,12449,1,2,3,3,6,5,3,3,1,2,19,No,0
870,2,1,1,8,19081,1450,52,10849,2,3,3,3,4,2,0,3,5,2,15,No,0
871,1,1,3,1,8966,1361,94,21026,1,3,3,3,7,7,1,7,3,2,17,No,1
872,2,1,1,3,2210,984,97,3372,2,3,3,1,1,0,0,0,1,3,17,Yes,0
873,1,3,4,1,4539,1146,82,4905,3,3,3,2,10,7,0,1,1,3,25,No,0
874,2,1,3,3,2741,917,60,6865,3,1,3,3,7,7,1,7,1,4,6,No,0
875,2,1,3,3,3491,853,49,11309,3,3,3,2,10,7,8,9,1,4,7,No,0
876,2,2,3,2,4541,200,32,7744,4,3,4,3,20,11,13,17,1,3,29,No,0
877,1,4,4,7,2678,654,43,5050,4,4,3,3,2,1,2,2,1,2,21,No,0
878,2,5,3,4,7379,150,60,17433,4,3,3,2,6,3,1,4,2,3,2,No,0
879,3,3,5,9,6272,179,79,12858,1,4,3,4,4,3,0,3,7,3,2,No,0
880,1,4,3,1,5220,696,52,10893,4,4,3,3,11,7,1,9,0,3,7,No,1
881,2,2,4,3,2743,116,77,7331,2,2,4,3,2,2,2,2,1,2,13,No,0
882,2,1,1,2,4998,1316,38,2338,3,3,3,3,8,7,0,7,4,2,2,No,1
883,2,5,4,4,10252,363,77,4235,1,1,4,3,7,7,7,7,2,2,1,No,1
884,2,3,4,2,2781,117,60,6311,4,3,3,3,14,10,4,10,0,5,9,No,0
885,1,5,4,1,6852,107,84,11591,2,2,3,4,5,1,1,3,7,2,10,No,0
886,1,1,3,1,4950,1356,57,20623,4,3,3,3,4,3,1,1,0,4,10,No,0
887,2,3,4,2,3579,1465,63,9369,2,3,4,3,11,9,5,7,0,2,1,No,1
888,2,3,5,8,13191,458,60,23281,1,3,3,3,1,0,0,0,3,6,26,No,1
889,1,4,1,1,10377,1212,78,13755,4,2,3,2,13,2,4,12,4,6,8,No,1
890,2,1,4,2,2235,1103,42,14377,1,3,3,2,9,7,6,8,1,3,14,No,1
891,2,1,3,4,10502,966,53,9659,3,3,3,1,5,4,1,4,7,2,1,No,0
892,2,1,2,2,2011,1117,72,19982,4,4,3,3,10,5,7,7,1,5,2,No,0
893,2,3,4,2,1859,504,96,6148,2,2,4,4,1,1,0,0,1,2,10,Yes,1
894,2,1,4,2,3760,1010,97,5598,4,3,3,3,3,2,1,2,1,5,1,No,0
895,2,1,4,8,17779,685,85,23474,4,3,3,3,10,9,0,9,3,2,3,No,0
896,2,3,1,5,6833,1332,80,17089,1,3,3,2,6,5,0,1,1,2,11,No,1
897,2,3,4,5,6812,1062,96,17198,1,2,3,3,10,9,1,8,1,2,24,No,0
898,1,1,4,1,5171,326,48,16490,4,2,3,3,6,1,0,5,5,2,3,No,0
899,2,1,4,8,19740,920,96,18625,4,1,3,3,8,7,0,7,3,2,3,No,0
900,2,3,1,6,18711,1098,85,12124,3,2,3,4,1,0,0,0,2,2,4,No,0
901,2,5,4,2,3692,469,46,9256,2,3,3,2,11,10,0,7,1,2,3,No,0
902,2,5,1,3,2559,969,76,16620,2,4,3,2,1,0,0,0,5,4,2,No,0
903,2,1,1,2,2517,1167,76,3208,3,3,3,3,5,3,0,3,1,2,4,No,0
904,2,1,4,5,6623,1329,82,4204,4,3,3,3,6,0,1,0,1,2,7,No,1
905,2,1,4,8,18265,715,76,8733,4,2,3,4,1,0,0,0,6,3,1,No,0
906,2,1,4,8,16124,694,87,3423,4,2,3,2,7,7,1,7,3,2,1,No,0
907,2,5,4,2,2585,1320,89,21643,3,4,3,2,1,0,0,0,0,5,20,No,0
908,1,4,4,6,18213,1099,88,8751,2,3,3,3,22,9,3,10,7,5,5,No,0
909,1,4,5,1,8380,536,82,21708,3,4,3,3,9,8,0,8,0,3,10,No,1
910,2,1,4,2,2994,265,57,21221,4,4,3,3,1,0,0,1,1,2,25,No,1
911,2,1,1,2,1223,373,47,16901,3,3,4,3,1,0,0,1,1,2,1,No,0
912,1,1,2,7,1118,599,73,8040,4,1,3,3,1,0,1,0,1,4,24,Yes,1
913,2,1,1,2,2875,583,53,9973,4,3,4,2,8,5,2,2,1,2,4,No,1
914,1,4,4,6,18824,1449,94,2493,2,1,3,3,24,10,1,11,2,2,2,Yes,1
915,2,3,2,5,13577,177,37,25592,2,2,3,3,33,9,15,0,1,3,8,No,1
916,2,1,1,3,2625,251,45,25308,3,2,4,1,2,2,2,2,1,2,10,Yes,0
917,1,4,1,6,18789,168,33,9946,2,2,3,3,11,4,0,8,2,2,4,No,0
918,1,4,4,1,4538,131,86,6039,1,3,3,3,3,2,0,2,0,3,2,No,1
919,1,1,4,6,19847,237,83,19196,2,3,4,2,29,10,11,10,4,5,9,No,1
920,2,3,3,4,10512,1429,67,20002,4,3,3,2,9,7,5,4,6,6,18,No,0
921,2,3,4,3,4444,135,46,22534,2,3,3,4,11,8,5,10,4,2,19,No,0
922,2,3,3,3,2154,791,44,6842,3,3,3,2,4,2,0,2,0,2,1,No,1
923,2,1,1,6,19190,1199,92,17477,1,4,3,2,25,9,14,13,1,4,4,No,0
924,3,1,4,9,4490,648,56,21833,2,2,3,4,10,9,1,8,4,5,11,No,0
925,2,1,2,2,3506,735,66,6020,3,3,3,3,3,2,2,2,0,3,6,No,1
926,2,3,3,2,2372,603,78,5628,2,4,3,3,1,0,0,0,6,2,7,No,1
927,1,4,3,1,10231,531,56,20364,4,2,3,4,21,7,15,17,3,3,4,No,0
928,2,1,3,4,5410,429,53,2323,2,3,3,3,16,14,5,12,9,2,2,No,1
929,2,3,4,5,7978,621,73,14075,4,3,3,3,10,7,0,5,1,2,15,Yes,0
930,2,1,4,3,3867,193,52,14222,4,2,3,3,2,2,2,2,1,2,2,No,1
931,2,3,1,3,2838,968,40,4257,3,2,3,2,7,0,7,7,0,6,6,No,0
932,2,3,1,4,4695,879,72,12858,3,3,3,3,8,4,1,7,7,3,9,No,1
933,2,5,4,3,3339,806,39,17285,3,3,3,3,7,7,7,7,3,2,7,Yes,1
934,2,5,4,2,2080,640,84,4732,1,3,3,2,3,2,1,2,2,2,1,No,0
935,2,3,4,2,2096,266,40,18830,2,3,3,2,2,2,2,1,1,3,1,No,0
936,1,3,4,1,6209,604,56,11693,4,4,3,4,10,7,0,8,1,4,8,No,0
937,2,3,4,6,18061,364,83,13035,2,3,4,3,0,0,0,0,3,4,25,No,0
938,2,3,3,6,17123,412,94,17334,2,2,3,3,19,9,15,2,6,4,13,No,1
939,2,1,3,2,2372,848,88,26076,3,3,3,3,2,2,2,2,1,3,23,No,0
940,2,1,1,3,4883,1089,79,22845,3,3,3,3,10,4,1,1,1,3,7,Yes,0
941,2,3,4,2,3904,360,93,22154,1,3,3,3,5,2,0,3,0,2,23,Yes,0
942,2,5,4,3,4627,1138,48,23631,4,2,3,3,9,2,6,7,0,6,6,No,0
943,2,5,3,5,7094,325,63,5747,3,3,3,3,7,7,1,7,3,0,10,No,0
944,3,1,1,9,3423,991,44,22957,1,3,3,4,7,6,5,7,6,3,1,No,0
945,2,1,4,3,6674,1476,55,16392,4,1,3,3,9,8,7,5,0,6,1,No,0
946,2,1,4,8,16880,1322,43,22422,1,3,3,3,3,2,1,2,4,2,28,No,1
947,1,4,3,1,9094,299,57,17235,2,2,3,3,5,4,1,0,2,2,25,Yes,1
948,1,1,4,1,8446,1030,64,21534,2,3,3,2,8,7,7,7,9,2,5,Yes,1
949,2,3,3,6,11916,634,95,25927,1,3,4,3,9,1,0,8,1,2,17,No,1
950,2,1,1,4,4534,524,32,13352,3,3,3,3,8,7,1,7,0,6,18,No,0
951,1,1,3,1,9852,587,57,8935,3,3,3,2,10,8,9,6,1,5,2,No,1
952,1,3,1,1,6151,256,40,22074,2,1,3,3,19,2,11,9,1,4,10,No,0
953,1,1,4,7,2302,1060,54,8319,2,3,3,4,3,2,2,2,1,2,1,Yes,1
954,2,1,4,3,2362,935,89,14669,1,3,3,4,3,2,1,2,4,4,3,Yes,0
955,2,1,2,6,17861,495,37,26582,3,3,3,2,20,8,2,10,0,3,2,No,1
956,2,3,1,6,19187,282,58,6992,3,1,3,3,19,9,9,11,4,5,2,No,0
957,3,1,3,6,19717,206,99,4022,2,3,3,3,7,3,7,7,6,4,8,No,0
958,2,1,1,2,3544,458,74,8532,3,3,3,3,4,2,0,0,9,0,16,No,0
959,2,1,4,5,8500,943,86,5494,4,3,3,2,9,7,1,6,0,0,9,No,0
960,2,1,4,2,4661,523,98,22455,4,3,3,3,9,8,8,8,1,4,2,No,0
961,1,4,4,1,4103,1018,66,4297,1,3,3,3,9,3,1,7,0,2,1,No,0
962,2,1,3,2,4249,482,87,2690,3,3,3,3,9,6,1,1,1,3,4,No,1
963,3,1,4,6,14026,770,84,17588,2,3,3,3,33,9,0,10,1,2,5,No,1
964,1,1,1,1,6893,1009,31,19461,1,3,3,3,7,7,1,7,3,3,2,No,0
965,1,3,1,1,6125,507,66,23553,1,3,3,4,10,8,9,6,1,6,15,No,0
966,2,3,2,3,3669,882,67,9075,4,3,3,2,3,2,1,2,3,6,19,No,0
967,2,3,3,4,10008,601,53,12023,1,2,3,2,10,9,5,9,7,0,7,Yes,1
968,2,1,3,3,2387,329,88,6762,2,3,4,3,4,2,0,3,3,3,1,No,0
969,1,4,4,1,4639,607,83,2261,1,4,3,2,15,7,6,13,2,2,7,No,0
970,2,1,4,4,7898,855,54,18706,4,3,3,3,10,9,0,8,1,2,4,No,0
971,1,3,4,7,2534,1291,98,6527,4,4,3,3,1,0,0,0,8,4,11,No,0
972,2,5,1,4,13142,1405,82,24439,2,2,3,2,5,2,0,3,3,1,11,No,0
973,2,1,4,3,1611,1124,97,19305,4,3,3,4,0,0,0,0,1,5,1,No,0
974,2,3,4,3,5363,817,60,10846,4,2,3,3,9,7,0,0,0,0,1,No,0
975,1,1,2,1,5071,793,43,20392,4,1,4,3,6,2,0,0,3,3,2,No,0
976,1,4,3,1,13695,267,85,9277,3,4,3,2,19,7,3,8,6,2,13,Yes,1
977,2,1,4,4,13402,1369,68,18235,2,3,3,3,19,16,15,9,4,0,23,No,1
978,2,5,2,2,2029,999,92,15891,3,2,4,3,5,4,0,0,1,2,26,No,0
979,2,3,2,5,6377,1202,89,13888,3,4,4,3,12,11,11,8,5,0,2,No,0
980,2,3,4,3,5429,285,86,17491,3,3,3,3,8,7,7,7,4,1,29,No,0
981,1,1,4,7,2785,703,90,11882,4,2,3,4,1,0,0,0,7,3,2,Yes,0
982,1,4,3,1,4614,662,67,23288,3,3,3,2,4,2,3,2,0,0,18,Yes,1
983,2,1,4,2,2610,693,57,15748,3,4,3,3,4,2,0,3,1,2,7,No,0
984,2,5,3,5,6687,404,98,6163,4,3,3,4,14,11,4,11,1,2,2,No,0
985,1,1,4,1,4724,736,48,24232,1,2,3,3,5,3,0,4,1,0,26,No,0
986,2,3,3,4,6179,330,98,21057,3,3,3,2,10,2,6,7,1,3,22,Yes,1
987,1,1,3,1,6120,1498,44,3567,4,2,3,4,5,4,1,4,3,2,21,No,1
988,1,4,4,1,10596,541,52,15395,2,3,3,3,4,2,3,2,2,5,2,No,0
989,2,1,4,2,5467,1200,75,13953,4,3,3,2,6,2,3,3,3,4,22,No,1
990,2,1,2,2,2996,1439,54,5182,3,3,3,3,6,4,1,3,7,2,4,No,1
991,1,1,2,1,9998,1111,61,19293,4,3,3,4,5,4,1,2,6,2,5,No,0
992,1,4,2,1,4078,499,36,20497,2,3,3,2,3,2,1,2,0,3,2,No,1
993,2,1,1,5,10920,1485,71,3449,3,3,4,3,6,4,0,5,3,2,25,No,0
994,1,1,2,1,6232,1372,93,12477,3,4,3,2,3,2,1,2,2,3,18,No,0
995,2,3,1,4,13247,322,59,9731,3,4,3,2,5,3,0,2,2,3,28,No,1
996,2,3,4,2,4081,930,73,20003,3,2,3,1,20,7,1,8,1,3,6,No,1
997,1,4,4,1,5769,205,98,7100,4,2,3,3,6,2,4,4,1,3,10,No,1
998,2,1,3,2,2394,135,51,25681,3,3,3,3,8,2,7,7,1,2,17,Yes,1
999,2,3,2,2,3904,683,36,4050,4,2,3,3,4,3,1,1,0,2,2,No,0
1000,3,6,4,6,16799,1147,31,16616,1,3,3,3,20,7,0,9,0,5,10,No,0
1001,2,2,3,3,2950,258,54,17363,1,3,3,1,5,4,0,4,9,2,8,No,0
1002,2,3,4,3,3629,1462,94,19106,3,3,3,3,3,2,0,2,4,6,11,No,0
1003,2,1,1,4,9362,200,60,19944,4,3,3,3,2,2,2,2,2,2,18,No,0
1004,2,5,4,3,3229,949,81,4910,4,3,3,2,3,2,0,2,4,2,1,No,0
1005,2,2,4,3,3578,652,100,23577,1,4,3,3,7,7,0,7,0,2,7,No,0
1006,3,2,4,9,7988,332,51,9769,1,2,3,2,10,9,0,9,1,3,17,No,0
1007,2,1,1,3,4284,1475,97,22710,1,2,4,3,4,3,1,3,3,2,28,Yes,0
1008,2,2,2,5,7553,337,84,22930,4,3,3,3,8,7,7,7,0,1,14,Yes,1
1009,2,3,4,8,17328,971,54,5652,4,3,3,2,20,7,12,7,6,3,1,No,0
1010,2,3,4,8,19701,1055,76,22456,1,3,4,3,9,8,1,5,3,3,1,No,1
1011,2,3,3,8,14732,1136,81,12414,4,4,3,4,7,7,0,0,2,4,1,No,0
1012,1,4,3,1,9278,1174,99,20763,2,3,3,3,5,4,0,1,3,3,3,No,1
1013,1,1,3,7,1359,667,50,16154,3,1,3,3,1,0,0,0,1,3,1,Yes,0
1014,1,4,3,1,4779,855,73,12761,1,3,3,3,3,2,0,2,7,3,7,No,0
1015,2,1,5,8,16422,182,93,8847,2,3,3,4,3,2,1,0,3,3,8,No,0
1016,2,2,3,2,2996,560,91,20284,1,3,3,3,4,3,1,3,5,2,1,No,0
1017,2,1,4,2,1261,202,34,22262,2,2,3,4,1,0,0,0,1,3,8,Yes,0
1018,2,1,2,3,2099,1377,91,7679,1,3,3,4,5,0,1,4,0,3,11,No,0
1019,2,1,3,3,5810,172,37,22604,4,2,3,2,10,4,1,8,1,2,4,No,0
1020,1,4,3,1,5647,329,98,13494,1,2,3,2,3,2,0,2,4,3,16,No,0
1021,2,5,4,2,3420,465,74,10205,4,3,3,2,6,5,1,2,7,2,1,No,0
1022,1,1,1,7,4400,383,68,15182,1,2,3,3,3,2,2,2,3,2,9,Yes,0
1023,2,5,1,3,3500,1413,84,25470,3,4,3,1,6,5,1,3,0,2,5,No,0
1024,2,1,1,2,2066,1255,90,10494,1,3,4,4,3,2,1,0,2,3,1,No,0
1025,2,3,3,8,17169,359,82,26703,3,3,3,4,20,17,5,6,3,2,2,No,0
1026,1,3,2,1,4162,1476,42,15211,3,3,3,3,5,4,0,3,1,3,4,No,1
1027,1,4,5,1,9204,601,97,23343,4,3,3,2,4,3,0,3,4,3,7,No,0
1028,2,1,4,3,3294,401,86,3708,2,2,3,2,5,4,0,2,5,2,1,No,0
1029,2,3,5,2,2127,1283,90,5561,3,4,3,2,4,2,0,3,2,5,5,No,1
1030,2,2,3,3,3975,663,81,23099,3,3,3,4,8,7,0,7,3,2,9,No,0
1031,1,1,1,1,10793,326,31,8386,4,3,3,3,13,7,9,9,1,5,8,No,0
1032,1,4,4,1,10096,377,52,15986,4,3,3,4,7,7,4,3,4,1,9,Yes,0
1033,2,1,4,3,3646,592,54,17181,1,2,4,4,1,0,0,0,2,2,2,Yes,1
1034,2,1,5,4,7446,1445,100,8931,2,4,3,3,10,8,4,7,1,2,1,Yes,0
1035,2,3,4,5,10851,1038,95,19863,1,1,3,3,7,7,0,7,2,2,20,No,1
1036,3,3,1,9,2109,1398,96,24609,2,4,3,3,3,2,0,2,9,3,8,No,0
1037,2,1,4,3,3722,523,94,21081,4,3,3,1,2,2,2,2,6,2,2,Yes,1
1038,2,5,4,4,9380,1448,55,14720,4,3,3,4,3,1,1,2,4,4,29,No,1
1039,1,4,4,1,5486,1221,96,24795,1,3,3,3,2,2,2,2,4,3,7,No,0
1040,3,5,3,9,2742,1107,52,3072,3,3,3,3,2,2,2,2,1,0,9,Yes,0
1041,2,3,2,8,13757,218,55,25178,2,2,3,3,9,8,4,8,2,5,8,No,0
1042,1,3,4,1,8463,866,84,23490,1,3,3,3,5,4,1,3,0,4,5,No,0
1043,2,1,4,3,3162,981,90,7973,3,2,3,3,5,2,0,3,3,5,5,No,0
1044,2,3,4,8,16598,447,39,19764,2,4,3,2,9,8,8,8,4,2,2,No,0
1045,2,5,3,5,6651,1495,96,21534,3,3,3,2,3,2,1,2,2,0,5,No,0
1046,2,3,4,2,2345,896,68,8045,3,3,3,4,3,1,1,2,2,3,2,No,0
1047,2,1,4,2,3420,1467,49,21158,2,3,3,2,5,2,1,3,1,3,20,No,0
1048,1,3,4,1,4373,430,54,17456,1,3,3,3,4,3,0,3,0,2,7,No,0
1049,1,2,4,1,4759,1326,81,15891,1,1,3,3,13,9,3,12,3,2,3,No,0
1050,1,1,2,1,5301,1358,96,2939,3,3,3,2,2,1,2,2,8,2,16,No,0
1051,2,3,1,3,3673,748,74,16458,4,3,3,3,12,9,5,8,1,3,9,No,0
1052,1,4,5,1,4768,383,79,9282,3,3,3,2,1,0,0,0,7,4,1,No,0
1053,2,5,4,2,1274,990,64,7152,3,3,3,2,1,0,0,0,1,2,7,No,0
1054,2,1,1,2,4900,405,93,2721,3,4,4,2,12,9,2,8,0,2,1,No,0
1055,2,1,3,5,10466,1490,35,20948,2,3,3,3,8,7,0,7,3,3,7,No,0
1056,2,3,4,8,17007,829,71,11929,1,3,3,2,14,8,6,9,7,3,15,No,0
1057,1,5,4,7,2909,1496,92,15747,3,3,3,4,3,2,1,2,3,3,1,Yes,0
1058,1,5,4,1,5765,115,51,17485,2,3,3,1,5,3,0,0,5,4,13,Yes,0
1059,1,3,3,1,4599,790,40,7815,2,2,4,4,15,9,10,10,0,2,24,Yes,1
1060,1,1,2,7,2404,660,76,16192,3,3,3,3,1,0,0,0,1,3,7,No,0
1061,2,3,4,3,3172,381,89,16998,1,3,3,2,0,0,0,0,2,2,9,Yes,1
1062,1,1,1,7,2033,830,78,7103,2,3,3,3,1,0,0,0,1,2,13,No,0
1063,2,3,2,4,10209,1193,86,19719,3,3,3,2,2,2,2,2,5,2,2,No,1
1064,1,1,4,1,8620,1246,77,23757,3,2,3,3,10,7,0,4,1,3,19,No,0
1065,3,1,4,9,2064,330,46,15428,3,3,4,4,5,3,1,3,0,3,1,No,0
1066,2,1,3,5,4035,1229,30,16143,3,3,3,3,3,2,1,2,0,2,4,No,1
1067,2,3,3,3,3838,1099,82,8192,2,2,3,3,5,4,0,2,8,5,4,No,0
1068,1,3,4,1,4591,571,78,24200,3,3,3,2,5,4,1,2,3,4,14,No,1
1069,2,3,1,3,2561,289,38,5355,1,2,3,2,0,0,0,0,7,2,2,Yes,0
1070,2,1,4,2,1563,1423,72,12530,3,2,3,1,1,0,0,0,1,2,1,No,0
1071,1,1,4,1,4898,467,55,11827,1,3,3,3,4,2,1,3,0,5,7,No,0
1072,2,3,1,3,4789,271,43,23070,1,2,4,3,3,2,1,2,4,3,3,No,0
1073,2,1,2,3,3180,410,97,4668,2,3,3,3,3,2,0,2,0,3,2,No,0
1074,2,1,2,4,6549,1083,96,3173,2,1,3,2,8,6,1,7,1,2,29,No,0
1075,2,1,5,5,6388,516,69,22049,3,3,3,3,0,0,0,0,2,6,8,No,1
1076,2,3,4,6,11244,495,64,21072,4,3,4,4,5,2,0,0,2,5,10,No,0
1077,2,3,3,6,16032,1050,87,24456,4,3,4,3,14,9,1,12,3,2,11,No,0
1078,2,5,3,2,2362,224,100,7568,1,2,3,1,9,7,0,7,6,2,1,Yes,0
1079,2,1,4,8,16328,136,32,22074,1,3,3,4,20,6,14,17,3,1,28,No,0
1080,2,1,4,4,8376,1089,32,9150,2,3,3,3,2,0,2,2,4,3,6,No,0
1081,1,1,4,6,16606,228,51,11380,2,3,3,4,13,12,5,1,8,2,3,No,0
1082,2,1,4,5,8606,1029,91,21195,2,2,3,1,11,8,3,3,1,3,16,No,0
1083,2,1,2,3,2272,507,97,24812,3,3,3,3,4,3,1,2,0,2,20,No,0
1084,2,1,3,3,2018,676,86,21831,1,3,3,1,5,4,1,0,3,3,9,Yes,0
1085,1,5,4,1,7083,971,64,12288,3,2,3,3,10,9,8,6,1,3,1,No,1
1086,2,1,4,2,4084,561,33,4156,3,3,3,1,7,2,7,7,1,2,3,Yes,0
1087,2,3,5,8,14411,333,88,24450,4,1,3,3,32,6,13,9,1,2,22,No,1
1088,1,5,1,7,2308,1440,55,4944,3,3,4,3,11,10,5,7,0,4,7,No,1
1089,2,3,4,3,4841,1210,68,24052,2,2,3,3,1,0,0,0,4,3,2,No,0
1090,2,3,4,2,4285,674,47,3031,4,3,3,3,10,8,3,7,1,2,13,No,0
1091,2,2,2,5,9715,441,39,7288,1,1,3,3,7,7,0,7,3,3,8,No,0
1092,2,1,4,4,4320,575,44,24152,2,2,3,3,5,3,0,2,1,2,25,No,0
1093,2,5,4,2,2132,950,97,4585,4,3,4,3,5,4,0,3,4,3,28,No,0
1094,2,1,4,5,10124,288,40,18611,4,3,3,1,20,8,13,9,2,3,2,No,1
1095,1,3,1,1,5473,1342,47,19345,1,3,3,4,8,4,7,1,0,5,9,No,0
1096,2,1,3,3,5207,589,79,22949,3,3,3,3,15,14,5,7,1,3,28,No,1
1097,3,3,1,6,16437,898,38,17381,4,3,4,3,21,7,7,7,1,2,6,No,1
1098,2,5,1,3,2296,350,57,10036,1,2,3,3,1,1,0,0,0,3,21,No,0
1099,2,1,1,5,4069,1142,72,8841,4,3,3,3,2,2,2,2,3,2,8,No,1
1100,2,5,3,5,7441,538,66,20933,2,3,3,3,10,8,7,7,1,4,1,No,0
1101,1,1,3,7,2430,1402,98,26204,3,2,4,3,5,3,4,2,0,5,28,No,0
1102,2,1,1,2,5878,824,67,15624,2,2,3,3,7,1,2,5,3,2,5,No,0
1103,1,1,3,7,2644,1157,70,17001,4,3,4,2,3,2,1,2,3,3,2,No,1
1104,1,1,3,1,6439,492,96,13693,3,3,3,3,8,7,7,7,8,2,16,No,0
1105,2,1,4,2,2451,598,91,22376,3,4,3,2,1,0,0,0,6,2,9,No,0
1106,1,1,3,1,6392,1242,46,10589,1,3,3,1,2,2,2,2,2,6,8,No,0
1107,1,1,4,1,9714,740,64,5323,1,2,3,3,10,8,6,7,1,4,1,Yes,0
1108,3,6,3,9,6077,888,71,14814,3,3,3,3,6,3,1,2,3,2,10,No,0
1109,2,3,4,3,2450,992,68,21731,1,2,3,3,3,0,1,2,1,3,1,No,0
1110,1,5,3,1,9250,1288,33,17799,2,3,3,3,4,2,1,3,3,3,29,No,0
1111,2,1,4,3,2074,104,69,26619,1,3,3,3,1,0,0,0,1,2,2,Yes,1
1112,2,5,5,4,10169,607,78,14618,4,2,3,3,33,7,1,9,0,4,2,Yes,0
1113,2,3,4,4,4855,903,81,7653,2,3,3,3,5,2,1,4,4,2,2,Yes,0
1114,2,5,3,2,4087,1200,62,25174,1,3,3,2,6,5,1,2,4,3,1,No,0
1115,2,2,3,2,2367,1108,65,16530,1,3,3,2,8,2,7,6,8,3,15,No,0
1116,2,3,3,2,2972,479,35,22061,4,3,3,1,1,0,0,0,1,4,7,No,0
1117,1,4,5,6,19586,685,60,23037,4,2,4,3,36,6,2,13,1,3,26,No,0
1118,2,1,3,2,5484,1351,45,13008,4,3,3,2,2,2,2,1,9,3,1,No,0
1119,2,1,4,2,2061,474,89,11133,4,3,4,3,1,0,0,0,1,5,3,No,0
1120,1,1,4,1,9924,1245,80,12355,2,3,3,3,9,8,7,7,0,3,14,No,0
1121,1,1,4,1,4198,437,90,16379,2,3,3,4,3,2,1,2,2,5,16,No,0
1122,1,1,3,1,6815,884,73,21447,3,3,3,3,1,0,0,0,6,5,1,No,0
1123,2,3,2,3,4723,1370,87,16213,1,3,3,3,10,9,1,5,1,3,3,No,1
1124,2,3,3,5,6142,670,51,4223,3,3,3,3,5,2,0,4,3,4,10,No,1
1125,1,3,4,1,8237,1462,38,4658,3,4,3,3,7,6,7,6,2,3,6,No,0
1126,2,1,2,5,8853,995,87,24483,4,3,3,4,6,4,1,3,1,0,2,No,0
1127,1,4,4,6,19331,264,59,19519,3,3,3,3,1,0,0,0,4,2,9,No,1
1128,2,5,4,2,2073,977,45,12826,3,4,3,3,2,2,2,2,2,2,10,No,0
1129,2,1,3,3,5562,1302,80,19711,1,4,3,3,3,2,0,2,3,3,6,No,1
1130,2,2,1,6,19613,1059,93,26362,4,2,4,3,1,0,0,1,8,2,9,No,0
1131,2,1,4,3,3407,750,46,25348,3,4,3,2,10,9,6,8,1,3,28,No,0
1132,2,5,3,5,5063,653,92,15332,3,2,3,2,8,2,7,7,1,3,10,No,0
1133,1,1,1,1,4639,118,84,11262,1,3,3,3,5,4,1,2,1,2,14,No,0
1134,2,5,4,3,4876,990,87,5855,2,4,3,3,6,4,0,2,5,0,27,No,0
1135,2,1,1,3,2690,1349,63,7713,4,2,3,2,1,0,0,1,1,5,7,No,0
1136,1,1,3,6,17567,563,56,3156,1,4,3,1,26,0,0,12,1,5,1,No,0
1137,2,3,4,3,2408,329,51,7324,2,3,3,3,1,1,0,0,1,3,24,Yes,1
1138,2,2,1,2,2814,457,85,10293,3,2,3,2,4,2,1,3,1,2,26,No,1
1139,2,3,5,5,11245,1234,41,20689,3,3,3,3,30,8,12,13,2,3,20,No,1
1140,2,2,3,2,3312,634,35,18783,4,4,3,3,3,2,0,2,3,3,5,No,0
1141,2,3,4,8,19049,1313,31,3549,4,3,3,2,22,7,1,10,0,4,7,No,1
1142,2,3,4,2,2141,241,48,5348,2,2,3,2,6,4,1,1,1,3,7,No,0
1143,2,3,5,3,5769,1015,50,23447,1,1,3,3,10,7,1,4,1,3,5,No,1
1144,1,4,4,1,4385,336,52,24162,1,2,3,3,10,7,4,5,1,2,26,No,0
1145,1,2,3,1,5332,715,54,21602,1,3,3,3,5,2,0,3,7,3,2,No,0
1146,2,1,3,4,4663,559,76,12421,3,3,3,3,3,2,1,1,9,2,12,No,1
1147,2,1,3,4,4724,426,42,17000,4,4,3,3,9,7,7,2,1,3,10,No,0
1148,2,1,3,3,3211,722,84,22102,1,3,3,2,9,6,1,4,1,3,25,No,0
1149,2,3,5,4,5377,1387,76,3835,1,3,3,3,7,7,7,7,2,3,10,No,0
1150,2,2,4,3,4066,1302,67,16290,1,2,3,3,7,7,0,7,1,3,19,No,0
1151,2,1,5,2,5208,819,48,26312,1,4,3,3,16,15,1,10,1,2,18,No,0
1152,2,3,4,4,4877,580,39,20460,1,1,4,2,5,3,0,0,0,5,27,No,0
1153,2,3,2,2,3117,546,97,26009,4,3,3,3,2,2,2,2,1,2,5,No,0
1154,1,3,1,7,1569,544,70,18420,4,3,3,4,0,0,0,0,1,2,3,Yes,1
1155,3,1,3,6,19658,1176,98,5220,3,3,3,3,5,2,1,0,3,2,26,No,0
1156,2,3,1,3,3069,170,76,10302,3,2,3,3,10,8,0,7,0,3,3,No,0
1157,2,1,4,4,10435,884,80,25800,3,2,3,3,18,15,14,12,1,2,15,No,0
1158,2,1,3,5,4148,208,52,12250,3,3,3,3,14,11,2,9,1,5,8,No,0
1159,2,1,4,4,5768,671,85,26493,3,3,3,2,4,3,0,2,3,2,19,No,0
1160,2,3,4,4,5042,711,81,3140,3,3,3,1,9,2,3,8,0,2,4,No,0
1161,2,2,1,4,5770,1329,59,5388,4,2,3,3,10,7,3,9,1,3,2,No,0
1162,2,3,1,4,7756,397,54,14199,3,2,3,4,5,4,0,2,3,6,2,No,1
1163,1,3,4,1,10306,737,55,21530,1,2,3,3,13,12,6,0,9,3,10,Yes,0
1164,2,3,4,2,3936,1470,71,9953,2,3,3,1,8,4,7,7,1,2,10,No,0
1165,2,1,4,4,7945,448,84,19948,4,3,3,2,4,2,3,3,6,2,16,No,1
1166,3,6,5,9,5743,602,37,10503,4,3,3,3,10,7,0,2,4,3,1,No,1
1167,2,3,5,6,15202,365,89,5602,4,2,4,3,2,2,2,2,2,3,4,No,0
1168,1,3,1,1,5440,763,59,22098,4,1,3,2,2,2,2,2,6,2,15,Yes,1
1169,2,5,2,2,3760,567,32,17218,4,3,3,3,6,3,1,3,1,2,2,No,1
1170,2,3,4,2,3517,486,86,22490,3,4,3,3,3,2,0,2,7,0,8,No,0
1171,2,3,4,2,2580,591,87,6297,4,3,3,2,4,2,1,2,2,0,2,No,0
1172,2,1,4,3,2166,1329,73,3339,1,3,3,1,4,2,0,3,3,3,7,Yes,1
1173,1,3,4,1,5869,469,42,23413,3,2,3,3,5,2,1,4,9,2,10,No,0
1174,2,1,3,5,8008,711,42,22792,1,3,3,3,3,2,0,2,4,6,5,No,0
1175,2,1,2,4,5206,772,77,4973,3,4,3,3,7,7,0,7,1,6,2,No,0
1176,2,3,4,4,5295,492,66,7693,2,3,4,3,5,4,1,0,4,3,12,No,0
1177,2,2,3,8,16413,301,72,3498,2,3,3,3,4,2,1,2,3,2,22,No,0
1178,2,1,5,8,13269,813,50,21981,1,2,3,3,14,11,1,11,5,3,17,No,0
1179,1,3,4,7,2783,1141,31,13251,3,3,3,3,2,2,2,2,1,3,2,No,0
1180,2,1,4,2,5433,1130,66,19332,2,3,3,3,11,8,7,9,1,2,3,No,0
1181,2,1,4,3,2013,311,77,10950,2,3,3,3,4,3,1,3,2,4,7,No,0
1182,2,1,2,5,13966,465,41,11652,3,2,3,3,15,11,2,12,2,3,6,No,1
1183,2,3,3,4,4374,894,33,15411,3,2,3,3,3,2,1,2,0,6,1,No,0
1184,2,1,1,5,6842,1040,79,26308,1,4,4,3,5,4,0,4,6,3,3,No,0
1185,2,3,5,6,17426,584,91,18685,3,3,4,3,10,8,4,7,3,6,22,No,0
1186,2,1,1,8,17603,1291,65,3525,3,2,4,3,14,10,6,11,1,3,15,No,0
1187,1,2,3,1,4581,880,36,10414,4,3,4,4,11,9,6,7,3,2,12,Yes,1
1188,2,1,4,2,4735,1189,90,9867,4,3,3,4,13,11,2,9,7,4,1,No,0
1189,1,3,4,1,4187,991,43,3356,2,2,3,2,10,0,0,9,1,3,5,No,1
1190,1,3,3,1,5505,392,93,3921,4,3,3,3,6,2,0,4,1,5,2,No,0
1191,2,3,4,2,5470,977,45,25518,2,3,3,2,9,5,1,6,0,4,2,No,0
1192,1,1,3,1,5476,1112,67,22589,4,3,3,3,10,0,0,2,1,2,5,No,0
1193,2,3,4,3,2587,464,74,24941,1,3,3,2,2,2,2,2,4,2,16,No,1
1194,2,3,4,3,2440,148,42,23826,2,2,4,3,4,3,3,3,1,3,2,No,0
1195,1,1,3,6,15972,1225,47,21086,2,4,3,3,3,2,1,2,6,2,2,No,0
1196,2,1,4,6,15379,809,36,22384,3,3,3,3,8,7,0,0,4,2,1,No,0
1197,1,1,1,1,7082,1206,80,11591,3,3,3,3,2,0,0,2,3,2,23,No,1
1198,1,1,2,7,2728,727,54,21082,1,3,3,3,2,2,0,2,1,3,9,No,0
1199,1,1,4,1,5368,530,36,16130,4,3,4,3,6,5,1,2,1,2,16,No,1
1200,2,1,3,5,5347,1351,80,7419,3,3,3,2,3,2,0,2,6,2,26,No,0
1201,3,1,4,9,3195,528,44,4167,4,3,3,3,2,2,2,2,4,2,1,No,1
1202,2,3,2,3,3989,1320,93,20586,3,2,3,3,5,4,1,2,1,2,8,Yes,1
1203,2,3,1,3,3306,1495,87,26176,3,3,3,2,0,0,0,0,7,5,4,No,0
1204,2,3,3,5,7005,1395,48,3458,4,4,3,3,4,3,1,2,3,2,24,No,0
1205,1,3,1,7,2655,708,95,11740,3,3,3,3,9,7,7,7,2,3,7,Yes,1
1206,2,1,3,3,1393,1259,95,24852,2,3,3,3,1,0,0,0,1,2,2,Yes,0
1207,2,3,4,3,2570,786,76,11925,4,3,4,3,7,7,5,7,1,5,7,No,0
1208,2,5,4,2,3537,1441,94,23737,2,2,3,3,4,2,1,2,5,1,22,No,0
1209,2,3,1,3,3986,1157,57,11912,4,2,3,4,15,10,4,13,1,3,5,No,0
1210,2,3,3,5,10883,370,92,20467,4,1,4,4,1,0,0,0,3,2,1,No,0
1211,2,3,4,3,2028,267,79,13637,2,4,3,3,14,11,2,13,1,6,21,No,0
1212,1,3,3,1,9525,1278,31,7677,4,1,3,2,6,3,1,3,1,2,1,No,0
1213,2,1,4,2,2929,678,35,20338,4,2,3,3,10,9,8,7,1,3,19,No,0
1214,1,1,4,7,2275,427,99,25103,4,3,4,3,3,2,0,2,1,2,7,Yes,1
1215,2,1,4,5,7879,921,96,14810,4,4,3,3,8,7,6,7,1,2,2,No,1
1216,2,3,3,2,4930,146,79,13970,4,2,3,4,5,4,1,4,0,2,2,No,1
1217,1,3,4,1,7847,1179,73,6069,4,3,3,3,10,9,8,8,1,3,2,No,1
1218,2,3,4,2,4401,581,62,17616,3,4,3,3,5,3,0,4,1,1,9,No,0
1219,1,4,4,1,9241,918,35,15869,3,3,3,3,10,8,8,7,1,3,6,No,0
1220,2,3,3,3,2974,1082,43,25412,3,3,3,3,5,3,1,2,9,2,9,No,0
1221,1,1,3,7,4502,530,51,7439,4,3,3,2,13,7,6,7,3,2,2,No,0
1222,2,1,2,5,10748,1238,74,3395,3,2,4,2,23,15,14,4,3,3,1,No,0
1223,3,6,2,9,1555,240,58,11585,3,1,3,3,1,0,0,0,1,2,22,Yes,0
1224,1,1,4,1,12936,1093,82,24164,3,1,3,1,23,5,14,10,7,3,9,Yes,0
1225,2,3,3,3,2305,390,62,6217,3,1,3,4,3,2,0,2,1,3,17,No,0
1226,2,5,1,8,16704,1005,48,17119,2,2,3,3,21,6,8,6,1,2,28,No,0
1227,2,1,4,2,3433,585,56,17360,3,3,3,2,5,2,1,3,6,3,10,No,0
1228,2,1,3,3,3477,741,69,18103,3,3,3,4,5,2,0,3,1,2,2,No,0
1229,3,6,4,9,6430,552,60,20794,2,1,3,3,3,2,1,2,6,4,4,No,0
1230,2,1,1,4,6516,369,92,5041,1,3,3,3,1,0,0,0,2,3,8,No,1
1231,2,3,2,3,3907,506,91,3622,1,3,3,4,6,2,1,2,1,2,29,No,0
1232,2,1,3,5,5562,717,34,9697,2,3,3,3,10,7,0,9,6,3,13,No,0
1233,2,1,3,4,6883,1370,49,5151,3,3,3,3,7,7,0,7,2,3,27,No,0
1234,2,1,2,2,2862,793,33,3811,4,3,3,2,10,0,0,8,1,2,16,No,0
1235,1,4,3,1,4978,543,87,3536,2,3,3,1,1,0,0,0,7,3,2,No,0
1236,1,1,4,1,10368,1277,74,5596,4,3,3,2,10,6,0,3,4,5,2,No,1
1237,1,4,5,1,6134,1456,96,8658,1,2,3,3,2,2,2,2,5,3,13,Yes,1
1238,1,1,1,1,6735,964,34,12147,2,1,3,3,0,0,0,0,6,2,1,Yes,0
1239,2,3,2,3,3295,160,51,12862,2,3,3,1,3,2,1,2,1,3,4,No,0
1240,2,5,2,4,5238,163,30,6670,4,3,4,2,5,4,1,4,2,3,24,No,0
1241,2,1,4,3,6472,792,77,8989,4,3,3,3,9,8,5,8,1,2,1,No,1
1242,1,1,4,1,9610,371,80,3840,3,1,3,1,4,3,0,2,3,2,19,No,0
1243,1,3,3,6,19833,611,88,4349,2,3,3,2,21,8,12,8,1,3,7,No,0
1244,3,1,4,9,9756,176,56,6595,3,1,4,4,5,0,0,3,4,2,4,No,0
1245,2,5,3,2,4968,1312,78,26427,1,2,3,3,9,7,0,7,0,2,2,No,0
1246,3,3,4,9,2145,897,59,2097,4,3,3,3,2,2,2,1,0,2,10,No,0
1247,3,6,4,9,2180,600,66,9732,4,2,3,2,4,2,1,2,6,0,8,Yes,0
1248,1,5,4,1,8346,1003,51,20943,3,3,3,3,5,2,0,2,1,3,5,No,0
1249,2,3,4,2,3445,1054,67,6152,4,3,3,2,6,2,1,4,1,5,8,No,0
1250,1,4,4,7,2760,428,52,14630,2,1,3,3,2,2,2,2,1,3,9,Yes,0
1251,2,1,4,5,6294,461,70,23060,3,4,3,4,3,2,0,2,8,5,1,No,1
1252,1,4,1,1,7140,979,94,3088,1,2,3,3,7,7,1,7,2,2,15,No,0
1253,2,3,3,2,2932,181,97,5586,4,4,3,3,5,0,1,2,0,3,2,No,1
1254,1,4,4,1,5147,1283,62,10697,2,3,3,2,11,7,1,7,8,2,2,No,0
1255,1,4,3,1,4507,1313,80,8191,4,3,3,4,5,1,0,4,3,1,11,No,0
1256,1,1,4,1,8564,211,74,10092,1,3,4,2,0,0,0,0,2,2,16,Yes,1
1257,2,3,1,3,2468,594,75,15963,2,2,3,2,6,1,0,5,4,4,2,No,0
1258,1,4,3,1,8161,1079,70,19002,3,3,3,3,1,0,0,0,2,2,16,Yes,0
1259,2,5,4,2,2109,590,91,10007,1,2,3,3,1,0,0,0,1,2,4,No,0
1260,2,1,4,5,5294,305,58,9128,3,4,3,3,7,0,1,7,3,3,16,No,0
1261,2,5,3,2,2718,953,65,17674,2,3,3,3,7,7,0,7,2,3,5,No,0
1262,2,3,4,5,5811,833,60,24539,4,1,3,3,1,0,1,0,3,2,18,No,1
1263,2,5,4,2,2437,807,38,15587,3,2,3,3,1,0,0,0,9,4,17,Yes,1
1264,2,3,4,3,2766,855,57,8952,2,3,4,2,5,3,0,4,8,6,12,No,0
1265,2,3,4,8,19038,478,60,19805,1,2,3,3,1,0,0,0,8,2,2,No,0
1266,2,5,4,2,3055,775,90,6194,2,3,3,2,9,8,1,7,5,2,4,No,0
1267,2,1,3,3,2289,548,94,20520,1,3,4,3,5,3,0,4,1,2,9,No,0
1268,1,1,4,1,4001,1375,87,12313,3,3,3,3,15,14,0,7,1,3,10,No,1
1269,2,3,3,4,12965,661,60,22308,3,2,4,2,3,2,0,2,4,2,1,No,1
1270,3,1,4,9,3539,244,97,5033,4,3,3,3,9,7,1,8,0,5,2,No,0
1271,1,1,1,1,6029,511,32,25353,4,1,3,3,2,2,2,2,5,3,3,No,0
1272,1,4,2,7,2679,337,31,4567,2,3,3,3,1,0,1,0,1,3,7,Yes,0
1273,2,2,1,3,3702,1153,40,16376,3,2,3,3,5,4,0,4,1,3,6,No,0
1274,2,3,2,3,2398,1294,79,15999,1,3,3,3,1,0,0,0,1,6,8,Yes,1
1275,1,4,3,1,5468,196,91,13402,4,2,3,3,12,7,5,7,1,3,29,No,0
1276,2,5,4,6,13116,942,53,22984,3,3,3,3,2,2,2,2,2,2,3,No,0
1277,1,4,1,1,4189,589,46,8800,2,2,3,3,5,2,0,3,1,2,9,No,0
1278,2,3,3,8,19328,734,46,14218,4,3,3,3,2,1,2,2,7,3,2,No,1
1279,2,1,4,5,8321,1383,90,25949,1,3,3,3,12,8,5,7,7,1,10,No,1
1280,2,3,1,2,2342,429,99,11092,2,3,3,2,5,3,2,3,1,2,1,Yes,1
1281,3,2,1,9,4071,1239,89,12832,2,3,3,2,10,0,4,7,2,4,8,No,0
1282,1,1,4,1,5813,303,84,13492,4,3,3,3,10,7,7,7,1,2,27,Yes,1
1283,2,1,3,2,3143,867,90,6076,1,4,3,3,10,8,7,6,6,1,8,No,0
1284,2,1,4,2,2044,1181,82,5531,4,3,3,4,5,3,0,3,1,6,1,No,0
1285,2,3,2,8,13464,1253,65,7914,3,3,4,3,4,3,2,2,7,3,10,No,0
1286,1,1,1,1,7991,849,98,25166,2,2,3,3,2,2,2,2,8,3,26,No,0
1287,2,1,1,3,3377,616,99,25605,1,3,3,2,4,3,0,2,4,5,2,No,0
1288,2,3,4,5,5538,1128,95,5696,1,4,3,2,0,0,0,0,5,2,13,No,0
1289,2,3,1,4,5762,1180,90,24442,4,3,3,3,7,7,1,7,2,6,2,No,0
1290,3,6,4,9,2592,1336,100,7129,2,3,3,3,11,10,3,8,5,3,2,No,0
1291,2,1,3,3,5346,234,93,6208,1,3,3,2,7,1,0,7,4,3,9,Yes,0
1292,2,3,3,4,4213,370,58,4992,1,3,3,1,10,3,0,8,1,4,10,Yes,0
1293,1,1,4,1,4127,766,83,19188,4,3,3,3,2,1,2,2,2,6,20,No,0
1294,2,1,4,2,2438,343,52,24978,3,3,3,2,3,2,1,2,4,2,9,No,0
1295,2,1,4,5,6870,447,85,15530,2,4,3,1,3,2,1,2,3,3,5,No,0
1296,1,4,2,1,10447,796,81,26458,3,3,3,4,22,14,13,5,0,3,4,No,1
1297,2,3,4,4,9667,1092,64,2739,3,3,3,3,7,7,0,2,9,3,10,No,0
1298,3,3,1,9,2148,920,69,6889,2,3,3,3,5,1,1,4,0,3,20,Yes,1
1299,2,3,1,5,8926,261,66,10842,2,3,4,4,9,7,3,7,4,2,21,Yes,0
1300,2,1,4,5,6513,1194,52,9060,4,3,3,3,5,3,0,3,4,3,1,No,0
1301,1,5,1,1,6799,810,92,22128,3,4,4,3,10,8,4,8,1,5,8,No,0
1302,1,3,4,6,16291,350,52,22577,2,3,4,2,16,9,14,14,4,0,2,No,0
1303,2,3,3,3,2705,185,91,9696,3,1,3,4,5,4,0,3,0,2,23,No,0
1304,2,1,4,4,10333,1001,92,19271,2,2,3,3,22,11,14,10,8,4,4,No,1
1305,2,1,4,5,4448,750,47,10748,1,3,3,3,7,4,7,7,2,3,12,No,0
1306,2,3,3,2,6854,431,68,15696,4,3,3,2,7,1,1,7,4,2,7,No,0
1307,1,4,3,1,9637,1125,68,8277,1,3,3,3,3,2,2,2,2,3,7,No,0
1308,2,3,4,2,3591,1217,67,12719,1,3,4,3,3,2,1,2,1,3,1,No,0
1309,1,4,3,7,5405,723,77,4244,4,1,4,2,4,2,0,3,2,4,2,No,1
1310,1,3,4,1,4684,572,46,9125,4,3,3,3,5,3,1,2,1,4,10,No,0
1311,2,1,3,8,15787,1216,87,21624,3,3,3,3,2,2,2,2,2,3,15,No,1
1312,2,3,4,2,1514,1431,33,8018,3,3,3,1,0,0,0,0,1,4,14,No,0
1313,3,6,5,9,2956,359,89,21495,1,4,3,3,1,0,0,0,0,4,18,Yes,0
1314,3,6,4,9,2335,350,56,3157,1,2,3,3,2,2,2,0,4,3,13,Yes,1
1315,1,1,3,1,5154,589,67,19665,3,3,4,4,8,7,5,7,4,3,2,No,0
1316,2,2,3,2,6962,430,73,19573,2,3,4,3,1,0,0,0,4,2,2,No,1
1317,1,1,3,1,5675,1422,92,19246,4,3,4,3,7,7,7,7,1,5,2,No,0
1318,2,1,1,3,2379,1297,53,19826,4,3,3,2,5,4,0,2,0,3,5,No,1
1319,2,3,2,3,3812,574,40,7003,4,3,3,4,11,8,3,10,1,3,20,No,0
1320,1,4,3,1,4648,1318,79,26075,4,3,3,4,0,0,0,0,8,2,10,No,0
1321,2,5,3,2,2936,355,38,6161,3,3,4,2,6,3,3,3,3,1,10,No,0
1322,2,1,3,3,2105,207,64,5411,3,3,3,3,2,2,2,0,4,2,9,No,0
1323,2,1,1,4,8578,706,82,19989,4,3,3,2,9,8,4,7,3,4,2,No,0
1324,3,1,1,9,2706,280,43,10494,4,3,3,3,3,2,2,2,1,2,1,No,0
1325,2,1,2,5,6384,726,93,21143,3,1,3,3,7,0,1,6,8,3,29,No,0
1326,2,1,4,3,3968,1142,81,13624,3,3,3,3,0,0,0,0,4,3,8,No,0
1327,1,4,3,1,9907,414,82,26186,2,2,3,2,2,2,2,2,7,3,2,Yes,1
1328,1,5,4,1,13225,1319,45,7739,1,4,3,3,19,17,2,8,2,5,3,No,0
1329,1,3,2,7,3540,728,36,7018,3,2,4,3,9,8,5,8,1,5,23,No,0
1330,3,3,2,9,2804,352,87,15434,2,2,3,3,1,0,0,0,1,3,6,No,0
1331,2,3,4,6,19392,823,81,22539,3,2,3,3,16,12,6,14,7,2,6,No,0
1332,2,1,4,8,19665,1224,91,13583,2,2,3,3,22,10,12,9,4,3,10,No,0
1333,2,1,1,2,2439,459,73,14753,4,2,4,2,1,0,1,0,1,3,24,Yes,1
1334,1,1,4,1,7314,1254,64,14011,2,3,4,3,8,7,0,7,5,2,10,Yes,0
1335,2,1,4,2,4774,1131,77,23844,1,2,3,2,7,6,7,3,0,2,15,No,0
1336,2,2,3,2,3902,835,41,5141,4,3,3,3,2,2,2,2,8,2,19,No,0
1337,2,5,3,2,2662,836,98,7975,4,2,4,4,5,2,0,4,8,2,2,No,0
1338,1,3,4,7,2856,1172,78,3692,2,3,3,3,1,0,0,0,1,3,3,No,0
1339,1,3,4,7,1081,945,89,16019,4,3,3,2,1,0,0,0,1,3,9,Yes,0
1340,2,1,2,2,2472,391,75,26092,2,3,4,3,1,0,0,0,1,2,7,Yes,1
1341,1,5,3,1,5673,1266,63,6060,3,2,3,3,10,9,1,7,1,4,10,No,1
1342,2,1,4,3,4197,311,89,18624,3,3,3,3,10,8,0,2,1,2,20,No,0
1343,1,1,4,1,9713,1480,64,24444,4,3,3,3,5,3,1,0,2,3,4,No,1
1344,2,1,4,3,2062,592,59,19384,1,3,3,3,3,2,1,2,3,2,7,No,0
1345,2,3,3,2,4284,783,78,13588,1,3,4,3,5,3,0,4,5,2,7,No,1
1346,2,2,1,4,4788,219,44,25388,2,2,3,3,3,2,0,2,0,2,16,No,1
1347,2,1,1,4,5906,556,93,23888,4,2,3,2,9,8,3,8,0,2,25,No,0
1348,3,6,2,9,3886,1213,94,4223,4,2,4,2,10,1,0,8,1,2,2,No,0
1349,2,1,3,6,16823,1137,98,18991,1,3,3,3,19,7,11,16,2,3,1,No,0
1350,2,1,1,2,2933,482,90,14908,3,2,3,2,1,0,1,0,1,3,1,No,1
1351,1,3,1,1,6500,511,89,26997,3,4,3,2,8,7,0,7,0,5,2,No,0
1352,2,3,4,6,17174,117,58,2437,4,3,3,3,22,17,4,7,3,3,22,No,0
1353,2,1,3,5,5033,170,78,9364,1,4,3,3,2,0,2,2,2,5,1,No,0
1354,2,5,3,2,2307,967,85,14460,1,1,4,3,5,2,3,0,1,2,16,Yes,1
1355,2,1,1,3,2587,1162,97,10261,4,3,3,3,4,2,1,0,1,3,24,Yes,0
1356,1,4,1,1,5507,335,33,16822,2,2,3,1,4,2,1,3,2,1,17,No,0
1357,1,4,4,1,4393,337,54,26841,2,3,4,3,5,4,1,4,5,3,8,No,0
1358,2,3,4,8,13348,1396,83,14842,1,3,3,4,13,7,5,7,9,3,6,No,0
1359,1,3,1,1,6583,1079,86,20115,4,3,3,3,5,2,1,4,2,2,10,No,1
1360,1,3,2,1,8103,735,75,16495,4,2,3,2,4,2,0,1,3,3,3,No,1
1361,2,3,4,3,3978,471,62,16031,3,4,3,2,2,2,2,2,8,0,4,No,0
1362,2,2,4,3,2544,1096,61,7102,4,4,3,3,7,7,7,7,0,3,6,No,0
1363,2,3,3,5,5399,1297,44,14511,3,3,3,3,4,2,0,3,4,3,1,No,0
1364,1,4,3,1,5487,217,43,10410,3,3,3,2,10,4,0,9,1,2,10,No,0
1365,1,1,1,1,6834,783,42,19255,4,2,3,3,7,7,0,7,1,2,1,No,1
1366,1,5,4,7,1091,746,45,10642,1,4,3,3,1,0,0,0,1,3,24,Yes,0
1367,1,1,3,1,5736,1251,32,3987,3,1,3,3,3,2,1,2,6,1,21,No,0
1368,2,5,3,2,2226,1354,41,6073,2,3,3,2,5,3,1,2,1,3,2,No,0
1369,2,2,3,2,5747,735,86,26496,4,2,3,3,15,10,6,11,1,3,22,No,1
1370,1,4,1,1,9854,1475,84,23352,3,3,3,3,2,0,2,2,3,0,13,Yes,1
1371,2,5,3,2,5467,1169,64,2125,2,3,3,4,8,7,1,7,8,4,14,No,0
1372,1,4,5,1,5380,1443,89,20328,1,2,3,3,0,0,0,0,4,3,11,No,0
1373,2,3,1,4,5151,867,87,12315,1,3,4,3,10,0,7,9,1,3,9,No,0
1374,2,3,4,2,2133,1394,58,18115,2,2,3,3,20,11,0,7,1,3,8,No,1
1375,1,1,4,6,17875,605,72,11761,4,3,3,2,1,0,0,0,4,2,21,No,1
1376,2,1,1,2,2432,238,47,15318,3,4,3,3,4,1,0,3,3,2,5,Yes,1
1377,2,1,1,2,4771,1206,71,14293,4,3,3,4,5,2,0,3,2,0,9,No,0
1378,2,1,2,8,19161,1064,42,13738,4,3,3,3,5,4,4,3,3,3,2,No,0
1379,1,4,3,1,5087,419,77,2900,4,3,3,3,0,0,0,0,3,4,12,No,1
1380,3,6,4,9,2863,1337,58,19555,2,2,3,3,1,0,0,0,1,2,22,Yes,0
1381,1,3,3,1,5561,682,71,15975,1,3,3,1,5,3,0,4,0,2,18,No,0
1382,2,3,4,2,2144,1103,49,2122,3,3,3,2,5,3,1,4,1,3,16,No,0
1383,2,3,1,2,3065,976,48,3995,1,3,3,4,4,2,2,3,1,3,3,No,1
1384,2,1,3,3,2810,1351,66,9238,2,4,4,3,5,4,0,2,1,3,9,No,0
1385,1,4,4,1,9888,937,32,6770,4,3,4,2,14,8,2,1,1,3,1,No,0
1386,1,3,3,1,8628,1239,39,22914,3,3,3,2,8,7,1,1,1,2,13,No,0
1387,2,3,4,3,2867,157,95,20006,1,3,3,2,7,7,7,6,0,6,1,No,0
1388,2,1,4,5,5373,136,89,6225,1,3,3,2,5,3,0,2,0,5,1,No,0
1389,2,3,3,5,6667,1146,34,16542,4,3,3,3,5,1,1,2,5,6,15,No,0
1390,2,1,4,2,5003,1125,48,5771,1,1,4,3,10,8,8,7,1,6,1,No,0
1391,2,5,4,3,2367,1404,32,18779,4,2,3,2,4,1,0,3,5,2,17,Yes,0
1392,1,1,4,7,2858,1404,59,11473,1,2,3,2,1,0,0,0,4,3,1,No,0
1393,1,1,3,1,5204,1224,55,13586,4,3,3,3,10,8,0,9,1,2,7,No,1
1394,1,4,4,1,4105,954,44,5099,4,3,3,3,7,7,0,7,1,5,9,No,0
1395,2,1,3,4,9679,1373,56,10138,4,2,4,3,1,0,0,0,8,1,5,No,0
1396,1,4,3,1,5617,754,63,21075,4,3,3,3,10,7,0,8,1,4,26,Yes,1
1397,1,1,3,1,10448,1168,66,5843,1,3,3,2,2,2,2,2,6,2,24,Yes,1
1398,2,1,1,2,2897,155,67,22474,3,3,3,2,4,3,2,3,3,6,9,No,0
1399,2,1,1,5,5968,1303,36,18079,3,3,4,3,9,7,2,8,1,2,7,No,0
1400,2,1,4,5,7510,574,30,16873,3,3,3,3,10,9,0,9,1,1,11,No,0
1401,3,2,3,9,2991,1444,88,5224,2,3,3,3,6,2,1,2,0,2,1,No,1
1402,3,6,3,6,19636,189,71,25811,2,4,3,3,10,9,1,4,4,0,26,No,1
1403,2,3,2,3,1129,1276,59,17536,4,1,3,3,1,0,0,0,1,4,2,No,1
1404,1,4,3,1,13341,119,77,25098,1,3,3,3,20,8,11,10,0,3,15,No,0
1405,2,1,1,2,4332,335,37,14811,3,2,3,3,20,9,3,7,1,2,23,No,0
1406,2,3,4,8,11031,697,40,26862,3,3,4,4,11,7,4,8,4,2,10,No,0
1407,2,3,4,4,4440,157,77,25198,1,3,3,3,5,2,1,4,6,3,10,No,1
1408,2,1,1,5,4617,771,45,14120,3,2,3,2,4,3,1,2,1,2,1,No,0
1409,2,2,1,3,2647,571,78,13672,4,3,3,4,5,2,1,4,1,6,12,No,0
1410,2,5,4,3,6323,692,73,26849,3,3,3,4,10,9,9,4,1,2,11,No,0
1411,1,4,1,1,5677,444,92,4258,2,3,3,3,11,8,5,10,3,4,2,No,0
1412,3,6,4,9,2187,309,82,19655,2,3,3,3,2,0,1,2,4,3,2,No,0
1413,2,3,1,3,3748,911,76,4077,2,3,3,2,12,8,1,7,1,6,1,No,0
1414,2,2,2,3,3977,977,57,7298,3,3,3,2,2,2,0,2,6,2,2,No,1
1415,2,3,4,5,8633,1180,84,13084,3,3,4,3,17,14,12,11,2,3,25,No,0
1416,2,3,1,3,2008,1313,59,20439,3,2,3,2,1,1,0,0,1,2,1,No,0
1417,1,1,3,1,4440,1321,86,7636,2,3,3,3,15,13,5,8,0,3,1,No,0
1418,1,1,1,7,3067,1154,54,6393,3,3,3,3,2,2,1,2,0,1,2,No,0
1419,2,1,3,4,5321,508,72,14284,3,2,3,3,8,3,7,7,2,1,6,No,0
1420,2,1,3,2,5410,557,35,11189,1,3,3,2,4,3,1,2,6,3,18,No,1
1421,2,1,4,2,2782,642,76,21412,4,3,4,3,5,3,1,0,3,3,1,No,0
1422,2,3,2,8,11957,1162,98,17231,2,3,3,1,13,8,5,12,0,3,1,No,0
1423,2,3,3,3,2660,1490,43,20232,3,3,3,3,2,2,2,2,7,3,11,No,1
1424,2,1,1,2,3375,581,63,17624,3,3,3,4,3,2,1,2,0,2,1,No,0
1425,2,3,3,2,5098,1395,48,18698,3,3,3,3,10,7,0,8,1,5,9,No,0
1426,2,3,1,5,4878,501,95,21653,4,3,3,3,9,7,8,1,0,6,15,No,1
1427,2,1,3,3,2837,267,49,15919,2,2,3,3,6,2,4,1,1,3,29,No,0
1428,2,1,3,3,2406,543,83,4060,4,3,3,2,1,0,0,0,8,3,1,No,0
1429,1,3,3,7,2269,234,68,18024,2,2,3,3,2,2,2,2,0,2,1,No,0
1430,2,1,2,2,4108,116,52,5340,4,3,3,3,7,7,1,7,7,2,24,No,0
1431,2,3,4,8,13206,201,99,3376,3,1,3,3,18,16,1,11,3,3,10,No,0
1432,1,4,3,1,10422,801,48,24032,4,3,3,3,14,10,5,7,1,3,1,No,0
1433,2,1,4,8,13744,161,42,15471,4,4,4,3,16,11,6,8,1,2,10,No,1
1434,1,2,1,1,4907,1382,85,13684,3,3,4,2,5,3,0,4,0,3,8,No,1
1435,1,1,3,7,3482,585,40,19788,4,3,3,2,9,8,0,0,2,3,29,No,0
1436,2,3,4,2,2436,1037,42,13422,4,3,3,3,4,3,1,2,6,2,1,No,1
1437,1,3,2,7,2380,501,58,25479,1,3,3,3,2,2,1,2,1,6,5,No,1
1438,2,1,4,6,19431,105,87,15302,4,3,3,2,6,0,1,3,2,3,9,No,0
1439,1,4,4,7,1790,638,33,26956,1,3,3,2,1,0,1,0,1,3,9,Yes,0
1440,1,3,4,1,7644,557,94,12695,4,2,3,3,9,7,3,4,0,2,3,No,0
1441,2,1,1,4,5131,688,97,9192,2,3,3,3,4,2,0,2,7,3,4,No,0
1442,2,1,3,5,6306,667,57,26236,3,3,4,2,13,12,1,9,1,2,1,No,0
1443,2,3,3,2,4787,1092,36,26124,4,3,3,4,2,2,2,2,9,3,1,Yes,1
1444,2,1,4,6,18880,300,56,17312,3,3,3,2,22,6,4,14,5,2,2,No,0
1445,2,5,1,3,2339,310,72,3666,3,3,3,1,10,9,9,8,8,4,7,Yes,0
1446,2,1,3,4,13570,582,60,5640,2,2,4,3,20,7,0,10,0,3,28,No,0
1447,1,4,4,1,6712,704,95,8978,3,2,4,3,8,7,1,7,1,2,28,No,0
1448,1,4,3,1,5406,301,88,10436,4,1,4,2,15,12,11,11,1,4,15,No,0
1449,1,1,4,1,8938,930,57,12227,2,2,3,3,5,4,0,4,2,5,3,No,0
1450,2,5,4,2,2439,529,78,11288,1,3,3,3,4,2,1,2,1,4,2,No,0
1451,3,1,3,9,8837,1146,31,16642,4,3,3,3,9,0,1,7,1,2,26,No,1
1452,1,1,1,1,5343,345,100,5982,4,3,3,3,10,7,1,9,1,1,10,No,0
1453,1,1,3,1,6728,878,94,14255,3,3,3,3,6,3,0,1,7,3,1,Yes,0
1454,1,4,3,1,6652,1120,100,14369,4,2,3,2,6,3,0,0,4,2,11,No,0
1455,1,1,4,1,4850,374,50,23333,3,3,3,3,5,3,0,1,8,3,20,No,0
1456,2,1,3,2,2809,1322,52,2725,3,2,3,3,2,2,2,2,2,2,2,No,0
1457,2,1,3,5,5689,1199,80,24594,3,3,3,4,10,2,0,2,1,2,18,No,1
1458,2,3,3,2,2001,1194,98,12549,3,3,3,3,5,3,0,2,2,2,2,No,0
1459,2,1,3,2,2977,287,62,8952,4,1,3,3,4,3,1,1,1,5,1,No,0
1460,2,2,1,3,4025,1378,46,23679,2,2,3,3,4,3,0,3,4,2,13,No,1
1461,2,3,3,2,3785,468,73,8489,1,2,3,1,5,4,0,4,1,3,28,No,0
1462,1,4,4,1,10854,410,39,16586,1,2,3,3,3,2,2,0,4,3,28,Yes,1
1463,1,4,2,1,12031,722,60,8828,4,2,3,2,20,9,9,6,0,2,24,No,0
1464,2,3,4,4,9936,325,74,3787,1,3,3,3,9,4,1,7,0,2,5,No,0
1465,1,2,4,7,2966,1167,30,21378,3,2,3,3,4,2,0,0,0,2,5,No,0
1466,2,3,1,3,2571,884,41,12290,4,4,3,3,5,2,0,3,4,3,23,No,0
1467,2,3,2,5,9991,613,42,21457,1,2,3,3,7,7,1,7,4,5,6,No,0
1468,2,1,4,4,6142,155,87,5174,2,4,4,3,6,2,0,3,1,0,4,No,1
1469,1,3,4,1,5390,1023,63,13243,2,2,3,2,9,6,0,8,2,3,2,No,0
1470,2,3,4,3,4404,628,82,10228,3,4,3,4,4,3,1,2,2,3,8,No,0
